Team,Year,Week,Points,Pts_Against,Result,Opponent,W,L,D
HAMM,2020,1,130.35,91,W,DUKE,1,0,0
HAMM,2020,2,119.20,139.3,L,CRAIG,0,1,0
HAMM,2020,3,122.35,129.55,L,BISCH,0,1,0
HAMM,2020,4,117.45,65.15,W,RYAN,1,0,0
HAMM,2020,5,104.30,80.3,W,FIELER,1,0,0
HAMM,2020,6,124.50,79.05,W,MURPH,1,0,0
HAMM,2020,7,161.70,125.35,W,CAP,1,0,0
HAMM,2020,8,82.70,84.95,L,LOTH,0,1,0
HAMM,2020,9,123.90,98.85,W,COLLIN,1,0,0
HAMM,2020,10,110.15,86.85,W,JAMES,1,0,0
HAMM,2020,11,122.60,121.6,W,ERIC,1,0,0
HAMM,2020,12,75.85,77.45,L,DUKE,0,1,0
HAMM,2020,13,126.15,86.05,W,CRAIG,1,0,0
HAMM,2020,14,161.75,115.6,W,DUKE,1,0,0
HAMM,2020,15,125.95,94.5,W,ERIC,1,0,0
HAMM,2020,16,148.05,111.9,W,JAMES,1,0,0
CRAIG,2020,1,99.70,113.75,L,ERIC,0,1,0
CRAIG,2020,2,139.30,119.2,W,HAMM,1,0,0
CRAIG,2020,3,122.10,140,L,RYAN,0,1,0
CRAIG,2020,4,133.25,119.1,W,MURPH,1,0,0
CRAIG,2020,5,117.30,97.95,W,LOTH,1,0,0
CRAIG,2020,6,98.40,116.75,L,JAMES,0,1,0
CRAIG,2020,7,123.80,116.45,W,DUKE,1,0,0
CRAIG,2020,8,109.10,106.4,W,BISCH,1,0,0
CRAIG,2020,9,147.25,108.6,W,FIELER,1,0,0
CRAIG,2020,10,110.55,92.25,W,CAP,1,0,0
CRAIG,2020,11,110.85,125.75,L,COLLIN,0,1,0
CRAIG,2020,12,96.60,145.75,L,ERIC,0,1,0
CRAIG,2020,13,86.05,126.15,L,HAMM,0,1,0
CRAIG,2020,14,84.70,105.7,L,ERIC,0,1,0
CRAIG,2020,15,109.80,142.35,L,DUKE,0,1,0
CRAIG,2020,16,116.85,91.5,W,CAP,1,0,0
LOTH,2020,1,97.90,120.4,L,FIELER,0,1,0
LOTH,2020,2,88.90,118.15,L,CAP,0,1,0
LOTH,2020,3,91.75,99.8,L,COLLIN,0,1,0
LOTH,2020,4,100.30,103.05,L,ERIC,0,1,0
LOTH,2020,5,97.95,117.3,L,CRAIG,0,1,0
LOTH,2020,6,95.15,146.95,L,RYAN,0,1,0
LOTH,2020,7,100.20,141.75,L,MURPH,0,1,0
LOTH,2020,8,84.95,82.7,W,HAMM,1,0,0
LOTH,2020,9,91.60,84.8,W,JAMES,1,0,0
LOTH,2020,10,120.40,78.1,W,DUKE,1,0,0
LOTH,2020,11,90.25,127.05,L,BISCH,0,1,0
LOTH,2020,12,137.00,81.9,W,FIELER,1,0,0
LOTH,2020,13,84.25,88.75,L,CAP,0,1,0
LOTH,2020,14,75.60,99.55,L,FIELER,0,1,0
LOTH,2020,15,62.05,135.55,L,COLLIN,0,1,0
LOTH,2020,16,95.75,150.75,L,FIELER,0,1,0
FIELER,2020,1,120.40,97.9,W,LOTH,1,0,0
FIELER,2020,2,130.60,113.7,W,JAMES,1,0,0
FIELER,2020,3,88.00,107.35,L,DUKE,0,1,0
FIELER,2020,4,125.30,94.7,W,BISCH,1,0,0
FIELER,2020,5,80.30,104.3,L,HAMM,0,1,0
FIELER,2020,6,71.65,100.35,L,CAP,0,1,0
FIELER,2020,7,86.20,84.1,W,COLLIN,1,0,0
FIELER,2020,8,99.30,98.65,W,ERIC,1,0,0
FIELER,2020,9,108.60,147.25,L,CRAIG,0,1,0
FIELER,2020,10,89.20,101.3,L,RYAN,0,1,0
FIELER,2020,11,109.35,151.4,L,MURPH,0,1,0
FIELER,2020,12,81.90,137,L,LOTH,0,1,0
FIELER,2020,13,115.45,150.4,L,JAMES,0,1,0
FIELER,2020,14,99.55,75.6,W,LOTH,1,0,0
FIELER,2020,15,97.90,143.2,L,RYAN,0,1,0
FIELER,2020,16,150.75,95.75,W,LOTH,1,0,0
MURPH,2020,1,129.90,98.55,W,CAP,1,0,0
MURPH,2020,2,93.60,116.5,L,COLLIN,0,1,0
MURPH,2020,3,134.80,156.35,L,ERIC,0,1,0
MURPH,2020,4,119.10,133.25,L,CRAIG,0,1,0
MURPH,2020,5,120.60,99.1,W,RYAN,1,0,0
MURPH,2020,6,79.05,124.5,L,HAMM,0,1,0
MURPH,2020,7,141.75,100.2,W,LOTH,1,0,0
MURPH,2020,8,131.10,103,W,JAMES,1,0,0
MURPH,2020,9,132.10,84.3,W,DUKE,1,0,0
MURPH,2020,10,104.55,98,W,BISCH,1,0,0
MURPH,2020,11,151.40,109.35,W,FIELER,1,0,0
MURPH,2020,12,94.80,114.9,L,CAP,0,1,0
MURPH,2020,13,112.95,100.15,W,COLLIN,1,0,0
MURPH,2020,14,75.45,109.9,L,BISCH,0,1,0
MURPH,2020,15,145.60,97.15,W,CAP,1,0,0
MURPH,2020,16,122.50,101.35,W,DUKE,1,0,0
RYAN,2020,1,114.00,109.55,W,COLLIN,1,0,0
RYAN,2020,2,136.85,67.95,W,ERIC,1,0,0
RYAN,2020,3,140.00,122.1,W,CRAIG,1,0,0
RYAN,2020,4,65.15,117.45,L,HAMM,0,1,0
RYAN,2020,5,99.10,120.6,L,MURPH,0,1,0
RYAN,2020,6,146.95,95.15,W,LOTH,1,0,0
RYAN,2020,7,104.60,104.8,L,JAMES,0,1,0
RYAN,2020,8,80.05,95.65,L,DUKE,0,1,0
RYAN,2020,9,99.00,104.15,L,BISCH,0,1,0
RYAN,2020,10,101.30,89.2,W,FIELER,1,0,0
RYAN,2020,11,84.70,111.3,L,CAP,0,1,0
RYAN,2020,12,115.15,146.25,L,COLLIN,0,1,0
RYAN,2020,13,102.75,77.55,W,ERIC,1,0,0
RYAN,2020,14,111.00,87.1,W,COLLIN,1,0,0
RYAN,2020,15,143.20,97.9,W,FIELER,1,0,0
RYAN,2020,16,95.10,94.05,W,COLLIN,1,0,0
COLLIN,2020,1,109.55,114,L,RYAN,0,1,0
COLLIN,2020,2,116.50,93.6,W,MURPH,1,0,0
COLLIN,2020,3,99.80,91.75,W,LOTH,1,0,0
COLLIN,2020,4,105.90,151.05,L,JAMES,0,1,0
COLLIN,2020,5,114.15,108.65,W,DUKE,1,0,0
COLLIN,2020,6,93.35,93.9,L,BISCH,0,1,0
COLLIN,2020,7,84.10,86.2,L,FIELER,0,1,0
COLLIN,2020,8,123.75,88.95,W,CAP,1,0,0
COLLIN,2020,9,98.85,123.9,L,HAMM,0,1,0
COLLIN,2020,10,77.25,116.45,L,ERIC,0,1,0
COLLIN,2020,11,125.75,110.85,W,CRAIG,1,0,0
COLLIN,2020,12,146.25,115.15,W,RYAN,1,0,0
COLLIN,2020,13,100.15,112.95,L,MURPH,0,1,0
COLLIN,2020,14,87.10,111,L,RYAN,0,1,0
COLLIN,2020,15,135.55,62.05,W,LOTH,1,0,0
COLLIN,2020,16,94.05,95.1,L,RYAN,0,1,0
CAP,2020,1,98.55,129.9,L,MURPH,0,1,0
CAP,2020,2,118.15,88.9,W,LOTH,1,0,0
CAP,2020,3,133.00,104.55,W,JAMES,1,0,0
CAP,2020,4,105.30,126.75,L,DUKE,0,1,0
CAP,2020,5,132.95,104.35,W,BISCH,1,0,0
CAP,2020,6,100.35,71.65,W,FIELER,1,0,0
CAP,2020,7,125.35,161.7,L,HAMM,0,1,0
CAP,2020,8,88.95,123.75,L,COLLIN,0,1,0
CAP,2020,9,112.05,60.35,W,ERIC,1,0,0
CAP,2020,10,92.25,110.55,L,CRAIG,0,1,0
CAP,2020,11,111.30,84.7,W,RYAN,1,0,0
CAP,2020,12,114.90,94.8,W,MURPH,1,0,0
CAP,2020,13,88.75,84.25,W,LOTH,1,0,0
CAP,2020,14,106.75,151.95,L,JAMES,0,1,0
CAP,2020,15,97.15,145.6,L,MURPH,0,1,0
CAP,2020,16,91.50,116.85,L,CRAIG,0,1,0
JAMES,2020,1,101.05,142.8,L,BISCH,0,1,0
JAMES,2020,2,113.70,130.6,L,FIELER,0,1,0
JAMES,2020,3,104.55,133,L,CAP,0,1,0
JAMES,2020,4,151.05,105.9,W,COLLIN,1,0,0
JAMES,2020,5,126.00,100.65,W,ERIC,1,0,0
JAMES,2020,6,116.75,98.4,W,CRAIG,1,0,0
JAMES,2020,7,104.80,104.6,W,RYAN,1,0,0
JAMES,2020,8,103.00,131.1,L,MURPH,0,1,0
JAMES,2020,9,84.80,91.6,L,LOTH,0,1,0
JAMES,2020,10,86.85,110.15,L,HAMM,0,1,0
JAMES,2020,11,96.60,127.55,L,DUKE,0,1,0
JAMES,2020,12,133.40,95.75,W,BISCH,1,0,0
JAMES,2020,13,150.40,115.45,W,FIELER,1,0,0
JAMES,2020,14,151.95,106.75,W,CAP,1,0,0
JAMES,2020,15,127.10,101.95,W,BISCH,1,0,0
JAMES,2020,16,111.90,148.05,L,HAMM,0,1,0
DUKE,2020,1,91.00,130.35,L,HAMM,0,1,0
DUKE,2020,2,174.50,143.85,W,BISCH,1,0,0
DUKE,2020,3,107.35,88,W,FIELER,1,0,0
DUKE,2020,4,126.75,105.3,W,CAP,1,0,0
DUKE,2020,5,108.65,114.15,L,COLLIN,0,1,0
DUKE,2020,6,95.55,140.3,L,ERIC,0,1,0
DUKE,2020,7,116.45,123.8,L,CRAIG,0,1,0
DUKE,2020,8,95.65,80.05,W,RYAN,1,0,0
DUKE,2020,9,84.30,132.1,L,MURPH,0,1,0
DUKE,2020,10,78.10,120.4,L,LOTH,0,1,0
DUKE,2020,11,127.55,96.6,W,JAMES,1,0,0
DUKE,2020,12,77.45,75.85,W,HAMM,1,0,0
DUKE,2020,13,117.55,133.15,L,BISCH,0,1,0
DUKE,2020,14,115.60,161.75,L,HAMM,0,1,0
DUKE,2020,15,142.35,109.8,W,CRAIG,1,0,0
DUKE,2020,16,101.35,122.5,L,MURPH,0,1,0
ERIC,2020,1,113.75,99.7,W,CRAIG,1,0,0
ERIC,2020,2,67.95,136.85,L,RYAN,0,1,0
ERIC,2020,3,156.35,134.8,W,MURPH,1,0,0
ERIC,2020,4,103.05,100.3,W,LOTH,1,0,0
ERIC,2020,5,100.65,126,L,JAMES,0,1,0
ERIC,2020,6,140.30,95.55,W,DUKE,1,0,0
ERIC,2020,7,153.75,84.95,W,BISCH,1,0,0
ERIC,2020,8,98.65,99.3,L,FIELER,0,1,0
ERIC,2020,9,60.35,112.05,L,CAP,0,1,0
ERIC,2020,10,116.45,77.25,W,COLLIN,1,0,0
ERIC,2020,11,121.60,122.6,L,HAMM,0,1,0
ERIC,2020,12,145.75,96.6,W,CRAIG,1,0,0
ERIC,2020,13,77.55,102.75,L,RYAN,0,1,0
ERIC,2020,14,105.70,84.7,W,CRAIG,1,0,0
ERIC,2020,15,94.50,125.95,L,HAMM,0,1,0
ERIC,2020,16,130.80,127.5,W,BISCH,1,0,0
BISCH,2020,1,142.80,101.05,W,JAMES,1,0,0
BISCH,2020,2,143.85,174.5,L,DUKE,0,1,0
BISCH,2020,3,129.55,122.35,W,HAMM,1,0,0
BISCH,2020,4,94.70,125.3,L,FIELER,0,1,0
BISCH,2020,5,104.35,132.95,L,CAP,0,1,0
BISCH,2020,6,93.90,93.35,W,COLLIN,1,0,0
BISCH,2020,7,84.95,153.75,L,ERIC,0,1,0
BISCH,2020,8,106.40,109.1,L,CRAIG,0,1,0
BISCH,2020,9,104.15,99,W,RYAN,1,0,0
BISCH,2020,10,98.00,104.55,L,MURPH,0,1,0
BISCH,2020,11,127.05,90.25,W,LOTH,1,0,0
BISCH,2020,12,95.75,133.4,L,JAMES,0,1,0
BISCH,2020,13,133.15,117.55,W,DUKE,1,0,0
BISCH,2020,14,109.90,75.45,W,MURPH,1,0,0
BISCH,2020,15,101.95,127.1,L,JAMES,0,1,0
BISCH,2020,16,127.50,130.8,L,ERIC,0,1,0
HAMM,2019,1,135.50,94.7,W,CAP,1,0,0
HAMM,2019,2,138.30,148,L,JAMES,0,1,0
HAMM,2019,3,109.90,85.7,W,CRAIG,1,0,0
HAMM,2019,4,116.70,110.1,W,ERIC,1,0,0
HAMM,2019,5,110.80,139.1,L,MURPH,0,1,0
HAMM,2019,6,115.10,125.4,L,RYAN,0,1,0
HAMM,2019,7,129.30,112.3,W,BISCH,1,0,0
HAMM,2019,8,119.10,68.4,W,LOTH,1,0,0
HAMM,2019,9,127.00,90.5,W,COLLIN,1,0,0
HAMM,2019,10,140.70,116.5,W,FIELER,1,0,0
HAMM,2019,11,126.80,116.4,W,DUKE,1,0,0
HAMM,2019,12,116.70,111.6,W,CAP,1,0,0
HAMM,2019,13,127.40,97,W,JAMES,1,0,0
HAMM,2019,14,130.90,111,W,CAP,1,0,0
HAMM,2019,15,176.80,106.6,W,FIELER,1,0,0
HAMM,2019,16,109.50,123.1,L,DUKE,0,1,0
CRAIG,2019,1,100.50,115.4,L,FIELER,0,1,0
CRAIG,2019,2,110.40,82,W,DUKE,1,0,0
CRAIG,2019,3,85.70,109.9,L,HAMM,0,1,0
CRAIG,2019,4,106.30,63.9,W,JAMES,1,0,0
CRAIG,2019,5,116.10,90.2,W,CAP,1,0,0
CRAIG,2019,6,115.00,84.3,W,ERIC,1,0,0
CRAIG,2019,7,84.00,121.6,L,MURPH,0,1,0
CRAIG,2019,8,113.10,143.7,L,RYAN,0,1,0
CRAIG,2019,9,99.70,113.8,L,BISCH,0,1,0
CRAIG,2019,10,114.10,120.8,L,LOTH,0,1,0
CRAIG,2019,11,97.10,98.4,L,COLLIN,0,1,0
CRAIG,2019,12,80.30,110.2,L,FIELER,0,1,0
CRAIG,2019,13,106.20,65,W,DUKE,1,0,0
CRAIG,2019,14,121.70,120.1,W,LOTH,1,0,0
CRAIG,2019,15,143.00,81.4,W,COLLIN,1,0,0
CRAIG,2019,16,112.20,89.5,W,JAMES,1,0,0
LOTH,2019,1,127.60,104.8,W,MURPH,1,0,0
LOTH,2019,2,100.40,76.2,W,RYAN,1,0,0
LOTH,2019,3,94.90,142.9,L,BISCH,0,1,0
LOTH,2019,4,108.30,136.4,L,CAP,0,1,0
LOTH,2019,5,133.60,93.2,W,COLLIN,1,0,0
LOTH,2019,6,89.70,95.5,L,FIELER,0,1,0
LOTH,2019,7,113.70,106.3,W,DUKE,1,0,0
LOTH,2019,8,68.40,119.1,L,HAMM,0,1,0
LOTH,2019,9,113.60,117.2,L,JAMES,0,1,0
LOTH,2019,10,120.80,114.1,W,CRAIG,1,0,0
LOTH,2019,11,92.80,101.9,L,ERIC,0,1,0
LOTH,2019,12,82.10,122.9,L,MURPH,0,1,0
LOTH,2019,13,106.00,123,L,RYAN,0,1,0
LOTH,2019,14,120.10,121.7,L,CRAIG,0,1,0
LOTH,2019,15,72.20,88,L,JAMES,0,1,0
LOTH,2019,16,101.70,74,W,COLLIN,1,0,0
MURPH,2019,1,104.80,127.6,L,LOTH,0,1,0
MURPH,2019,2,105.50,75.9,W,COLLIN,1,0,0
MURPH,2019,3,142.10,84.9,W,FIELER,1,0,0
MURPH,2019,4,103.20,114,L,DUKE,0,1,0
MURPH,2019,5,139.10,110.8,W,HAMM,1,0,0
MURPH,2019,6,124.30,91.1,W,JAMES,1,0,0
MURPH,2019,7,121.60,84,W,CRAIG,1,0,0
MURPH,2019,8,118.20,99.4,W,ERIC,1,0,0
MURPH,2019,9,69.60,100.9,L,CAP,0,1,0
MURPH,2019,10,106.40,99.8,W,RYAN,1,0,0
MURPH,2019,11,141.70,102.3,W,BISCH,1,0,0
MURPH,2019,12,122.90,82.1,W,LOTH,1,0,0
MURPH,2019,13,86.60,82.5,W,COLLIN,1,0,0
MURPH,2019,14,72.60,112.9,L,ERIC,0,1,0
MURPH,2019,15,92.80,145.1,L,RYAN,0,1,0
MURPH,2019,16,107.00,80.8,W,BISCH,1,0,0
FIELER,2019,1,115.40,100.5,W,CRAIG,1,0,0
FIELER,2019,2,78.40,113.4,L,ERIC,0,1,0
FIELER,2019,3,84.90,142.1,L,MURPH,0,1,0
FIELER,2019,4,99.50,110.5,L,RYAN,0,1,0
FIELER,2019,5,128.10,132,L,BISCH,0,1,0
FIELER,2019,6,95.50,89.7,W,LOTH,1,0,0
FIELER,2019,7,89.00,83.8,W,COLLIN,1,0,0
FIELER,2019,8,124.10,119.7,W,CAP,1,0,0
FIELER,2019,9,111.10,158.4,L,DUKE,0,1,0
FIELER,2019,10,116.50,140.7,L,HAMM,0,1,0
FIELER,2019,11,122.60,90.4,W,JAMES,1,0,0
FIELER,2019,12,110.20,80.3,W,CRAIG,1,0,0
FIELER,2019,13,138.70,106.6,W,ERIC,1,0,0
FIELER,2019,14,92.00,85.3,W,BISCH,1,0,0
FIELER,2019,15,106.60,176.8,L,HAMM,0,1,0
FIELER,2019,16,90.30,120.6,L,ERIC,0,1,0
ERIC,2019,1,132.00,106,W,COLLIN,1,0,0
ERIC,2019,2,113.40,78.4,W,FIELER,1,0,0
ERIC,2019,3,110.10,160.6,L,DUKE,0,1,0
ERIC,2019,4,110.10,116.7,L,HAMM,0,1,0
ERIC,2019,5,112.20,102.2,W,JAMES,1,0,0
ERIC,2019,6,84.30,115,L,CRAIG,0,1,0
ERIC,2019,7,105.50,117.5,L,CAP,0,1,0
ERIC,2019,8,99.40,118.2,L,MURPH,0,1,0
ERIC,2019,9,91.00,129.9,L,RYAN,0,1,0
ERIC,2019,10,126.20,84.5,W,BISCH,1,0,0
ERIC,2019,11,101.90,92.8,W,LOTH,1,0,0
ERIC,2019,12,107.90,85.6,W,COLLIN,1,0,0
ERIC,2019,13,106.60,138.7,L,FIELER,0,1,0
ERIC,2019,14,112.90,72.6,W,MURPH,1,0,0
ERIC,2019,15,89.80,128.4,L,DUKE,0,1,0
ERIC,2019,16,120.60,90.3,W,FIELER,1,0,0
RYAN,2019,1,184.90,105.8,W,BISCH,1,0,0
RYAN,2019,2,76.20,100.4,L,LOTH,0,1,0
RYAN,2019,3,154.40,106,W,COLLIN,1,0,0
RYAN,2019,4,110.50,99.5,W,FIELER,1,0,0
RYAN,2019,5,156.90,125.5,W,DUKE,1,0,0
RYAN,2019,6,125.40,115.1,W,HAMM,1,0,0
RYAN,2019,7,48.80,69.6,L,JAMES,0,1,0
RYAN,2019,8,143.70,113.1,W,CRAIG,1,0,0
RYAN,2019,9,129.90,91,W,ERIC,1,0,0
RYAN,2019,10,99.80,106.4,L,MURPH,0,1,0
RYAN,2019,11,86.60,96.7,L,CAP,0,1,0
RYAN,2019,12,132.20,105.3,W,BISCH,1,0,0
RYAN,2019,13,123.00,106,W,LOTH,1,0,0
RYAN,2019,14,124.50,152.9,L,DUKE,0,1,0
RYAN,2019,15,145.10,92.8,W,MURPH,1,0,0
RYAN,2019,16,107.50,137.3,L,CAP,0,1,0
COLLIN,2019,1,106.00,132,L,ERIC,0,1,0
COLLIN,2019,2,75.90,105.5,L,MURPH,0,1,0
COLLIN,2019,3,106.00,154.4,L,RYAN,0,1,0
COLLIN,2019,4,78.60,92.7,L,BISCH,0,1,0
COLLIN,2019,5,93.20,133.6,L,LOTH,0,1,0
COLLIN,2019,6,109.50,75.2,W,CAP,1,0,0
COLLIN,2019,7,83.80,89,L,FIELER,0,1,0
COLLIN,2019,8,102.70,120.2,L,DUKE,0,1,0
COLLIN,2019,9,90.50,127,L,HAMM,0,1,0
COLLIN,2019,10,100.30,88,W,JAMES,1,0,0
COLLIN,2019,11,98.40,97.1,W,CRAIG,1,0,0
COLLIN,2019,12,85.60,107.9,L,ERIC,0,1,0
COLLIN,2019,13,82.50,86.6,L,MURPH,0,1,0
COLLIN,2019,14,99.70,90.8,W,JAMES,1,0,0
COLLIN,2019,15,81.40,143,L,CRAIG,0,1,0
COLLIN,2019,16,74.00,101.7,L,LOTH,0,1,0
CAP,2019,1,94.70,135.5,L,HAMM,0,1,0
CAP,2019,2,101.50,120,L,BISCH,0,1,0
CAP,2019,3,123.80,130.1,L,JAMES,0,1,0
CAP,2019,4,136.40,108.3,W,LOTH,1,0,0
CAP,2019,5,90.20,116.1,L,CRAIG,0,1,0
CAP,2019,6,75.20,109.5,L,COLLIN,0,1,0
CAP,2019,7,117.50,105.5,W,ERIC,1,0,0
CAP,2019,8,119.70,124.1,L,FIELER,0,1,0
CAP,2019,9,100.90,69.6,W,MURPH,1,0,0
CAP,2019,10,89.90,120.2,L,DUKE,0,1,0
CAP,2019,11,96.70,86.6,W,RYAN,1,0,0
CAP,2019,12,111.60,116.7,L,HAMM,0,1,0
CAP,2019,13,116.80,108.1,W,BISCH,1,0,0
CAP,2019,14,111.00,130.9,L,HAMM,0,1,0
CAP,2019,15,97.00,96.3,W,BISCH,1,0,0
CAP,2019,16,137.30,107.5,W,RYAN,1,0,0
DUKE,2019,1,105.60,113.8,L,JAMES,0,1,0
DUKE,2019,2,82.00,110.4,L,CRAIG,0,1,0
DUKE,2019,3,160.60,110.1,W,ERIC,1,0,0
DUKE,2019,4,114.00,103.2,W,MURPH,1,0,0
DUKE,2019,5,125.50,156.9,L,RYAN,0,1,0
DUKE,2019,6,107.40,137.6,L,BISCH,0,1,0
DUKE,2019,7,106.30,113.7,L,LOTH,0,1,0
DUKE,2019,8,120.20,102.7,W,COLLIN,1,0,0
DUKE,2019,9,158.40,111.1,W,FIELER,1,0,0
DUKE,2019,10,120.20,89.9,W,CAP,1,0,0
DUKE,2019,11,116.40,126.8,L,HAMM,0,1,0
DUKE,2019,12,106.90,90.6,W,JAMES,1,0,0
DUKE,2019,13,65.00,106.2,L,CRAIG,0,1,0
DUKE,2019,14,152.90,124.5,W,RYAN,1,0,0
DUKE,2019,15,128.40,89.8,W,ERIC,1,0,0
DUKE,2019,16,123.10,109.5,W,HAMM,1,0,0
JAMES,2019,1,113.80,105.6,W,DUKE,1,0,0
JAMES,2019,2,148.00,138.3,W,HAMM,1,0,0
JAMES,2019,3,130.10,123.8,W,CAP,1,0,0
JAMES,2019,4,63.90,106.3,L,CRAIG,0,1,0
JAMES,2019,5,102.20,112.2,L,ERIC,0,1,0
JAMES,2019,6,91.10,124.3,L,MURPH,0,1,0
JAMES,2019,7,69.60,48.8,W,RYAN,1,0,0
JAMES,2019,8,102.20,162.3,L,BISCH,0,1,0
JAMES,2019,9,117.20,113.6,W,LOTH,1,0,0
JAMES,2019,10,88.00,100.3,L,COLLIN,0,1,0
JAMES,2019,11,90.40,122.6,L,FIELER,0,1,0
JAMES,2019,12,90.60,106.9,L,DUKE,0,1,0
JAMES,2019,13,97.00,127.4,L,HAMM,0,1,0
JAMES,2019,14,90.80,99.7,L,COLLIN,0,1,0
JAMES,2019,15,88.00,72.2,W,LOTH,1,0,0
JAMES,2019,16,89.50,112.2,L,CRAIG,0,1,0
BISCH,2019,1,105.80,184.9,L,RYAN,0,1,0
BISCH,2019,2,120.00,101.5,W,CAP,1,0,0
BISCH,2019,3,142.90,94.9,W,LOTH,1,0,0
BISCH,2019,4,92.70,78.6,W,COLLIN,1,0,0
BISCH,2019,5,132.00,128.1,W,FIELER,1,0,0
BISCH,2019,6,137.60,107.4,W,DUKE,1,0,0
BISCH,2019,7,112.30,129.3,L,HAMM,0,1,0
BISCH,2019,8,162.30,102.2,W,JAMES,1,0,0
BISCH,2019,9,113.80,99.7,W,CRAIG,1,0,0
BISCH,2019,10,84.50,126.2,L,ERIC,0,1,0
BISCH,2019,11,102.30,141.7,L,MURPH,0,1,0
BISCH,2019,12,105.30,132.2,L,RYAN,0,1,0
BISCH,2019,13,108.10,116.8,L,CAP,0,1,0
BISCH,2019,14,85.30,92,L,FIELER,0,1,0
BISCH,2019,15,96.30,97,L,CAP,0,1,0
BISCH,2019,16,80.80,107,L,MURPH,0,1,0
ERIC,2018,5,90.70,90.4,W,LOTH,1,0,0
ERIC,2018,11,98.90,99.2,L,BISCH,0,1,0
LOTH,2018,1,100.80,126.2,L,JAMES,0,1,0
MURPH,2018,1,124.90,128.2,L,FIELER,0,1,0
LOTH,2018,12,114.00,112.6,W,JAMES,1,0,0
ERIC,2018,1,80.70,98.1,L,COLLIN,0,1,0
ERIC,2018,3,112.60,111.1,W,DUKE,1,0,0
MURPH,2018,2,102.10,99.5,W,LOTH,1,0,0
CAP,2018,1,88.40,132.3,L,CRAIG,0,1,0
DUKE,2018,1,110.10,117.1,L,RYAN,0,1,0
COLLIN,2018,9,130.00,127.4,W,MURPH,1,0,0
BISCH,2018,1,127.80,140.9,L,HAMM,0,1,0
FIELER,2018,14,129.00,126.2,W,DUKE,1,0,0
CRAIG,2018,2,114.50,121.4,L,ERIC,0,1,0
LOTH,2018,2,99.50,102.1,L,MURPH,0,1,0
JAMES,2018,16,98.40,95.3,W,RYAN,1,0,0
FIELER,2018,2,88.80,110.2,L,RYAN,0,1,0
FIELER,2018,1,128.20,124.9,W,MURPH,1,0,0
CAP,2018,10,92.60,88.5,W,ERIC,1,0,0
COLLIN,2018,2,141.70,152.4,L,BISCH,0,1,0
CAP,2018,2,54.20,109.4,L,DUKE,0,1,0
RYAN,2018,7,123.40,118.8,W,BISCH,1,0,0
JAMES,2018,2,131.10,139.3,L,HAMM,0,1,0
JAMES,2018,4,135.70,130.6,W,MURPH,1,0,0
HAMM,2018,1,140.90,127.8,W,BISCH,1,0,0
CRAIG,2018,3,104.20,137.5,L,COLLIN,0,1,0
LOTH,2018,3,92.70,106.8,L,RYAN,0,1,0
LOTH,2018,6,101.00,95.8,W,COLLIN,1,0,0
BISCH,2018,9,114.40,109.1,W,CAP,1,0,0
HAMM,2018,2,139.30,131.1,W,JAMES,1,0,0
ERIC,2018,2,121.40,114.5,W,CRAIG,1,0,0
RYAN,2018,1,117.10,110.1,W,DUKE,1,0,0
CAP,2018,3,90.10,105.1,L,FIELER,0,1,0
DUKE,2018,3,111.10,112.6,L,ERIC,0,1,0
CRAIG,2018,12,131.30,124.3,W,CAP,1,0,0
BISCH,2018,3,90.90,112.5,L,JAMES,0,1,0
DUKE,2018,8,137.60,129.7,W,LOTH,1,0,0
CRAIG,2018,4,104.20,130.6,L,BISCH,0,1,0
CRAIG,2018,8,107.60,99.4,W,HAMM,1,0,0
MURPH,2018,4,130.60,135.7,L,JAMES,0,1,0
FIELER,2018,4,127.00,169,L,ERIC,0,1,0
HAMM,2018,3,101.70,136.1,L,MURPH,0,1,0
RYAN,2018,4,65.30,113.6,L,HAMM,0,1,0
COLLIN,2018,4,113.90,129.5,L,DUKE,0,1,0
CAP,2018,4,107.60,163.8,L,LOTH,0,1,0
BISCH,2018,12,129.20,120.7,W,HAMM,1,0,0
COLLIN,2018,7,122.90,113.9,W,HAMM,1,0,0
FIELER,2018,7,95.60,85.6,W,DUKE,1,0,0
RYAN,2018,6,105.30,95.1,W,MURPH,1,0,0
MURPH,2018,12,111.00,100.8,W,FIELER,1,0,0
LOTH,2018,5,90.40,90.7,L,ERIC,0,1,0
MURPH,2018,5,82.70,135.4,L,BISCH,0,1,0
FIELER,2018,15,101.50,90.8,W,CAP,1,0,0
BISCH,2018,2,152.40,141.7,W,COLLIN,1,0,0
RYAN,2018,5,99.50,156.2,L,JAMES,0,1,0
COLLIN,2018,5,92.60,146.9,L,FIELER,0,1,0
CAP,2018,5,83.40,105.3,L,HAMM,0,1,0
DUKE,2018,5,91.80,164.6,L,CRAIG,0,1,0
COLLIN,2018,14,99.90,88.5,W,BISCH,1,0,0
LOTH,2018,13,110.10,97.7,W,MURPH,1,0,0
HAMM,2018,4,113.60,65.3,W,RYAN,1,0,0
HAMM,2018,5,105.30,83.4,W,CAP,1,0,0
RYAN,2018,3,106.80,92.7,W,LOTH,1,0,0
MURPH,2018,6,95.10,105.3,L,RYAN,0,1,0
FIELER,2018,6,99.20,115.9,L,CRAIG,0,1,0
ERIC,2018,6,93.60,172.8,L,HAMM,0,1,0
FIELER,2018,3,105.10,90.1,W,CAP,1,0,0
COLLIN,2018,6,95.80,101,L,LOTH,0,1,0
CAP,2018,6,123.20,161.9,L,JAMES,0,1,0
DUKE,2018,6,77.80,195.1,L,BISCH,0,1,0
COLLIN,2018,16,121.50,106.3,W,CRAIG,1,0,0
CAP,2018,13,102.50,87.2,W,DUKE,1,0,0
HAMM,2018,6,172.80,93.6,W,ERIC,1,0,0
CRAIG,2018,7,82.20,125.5,L,LOTH,0,1,0
DUKE,2018,4,129.50,113.9,W,COLLIN,1,0,0
RYAN,2018,13,118.90,102.3,W,FIELER,1,0,0
CRAIG,2018,6,115.90,99.2,W,FIELER,1,0,0
ERIC,2018,7,118.90,136,L,JAMES,0,1,0
JAMES,2018,7,136.00,118.9,W,ERIC,1,0,0
COLLIN,2018,1,98.10,80.7,W,ERIC,1,0,0
CAP,2018,7,74.70,140.9,L,MURPH,0,1,0
DUKE,2018,7,85.60,95.6,L,FIELER,0,1,0
MURPH,2018,11,111.40,92.6,W,DUKE,1,0,0
BISCH,2018,7,118.80,123.4,L,RYAN,0,1,0
HAMM,2018,7,113.90,122.9,L,COLLIN,0,1,0
FIELER,2018,10,132.00,112.5,W,HAMM,1,0,0
LOTH,2018,8,129.70,137.6,L,DUKE,0,1,0
RYAN,2018,15,103.50,83.3,W,BISCH,1,0,0
FIELER,2018,8,70.40,134.5,L,BISCH,0,1,0
ERIC,2018,8,102.90,137.3,L,MURPH,0,1,0
JAMES,2018,13,139.70,119.2,W,HAMM,1,0,0
COLLIN,2018,8,93.10,140.6,L,JAMES,0,1,0
CAP,2018,8,94.60,136.5,L,RYAN,0,1,0
CRAIG,2018,9,117.70,96.6,W,JAMES,1,0,0
RYAN,2018,2,110.20,88.8,W,FIELER,1,0,0
JAMES,2018,3,112.50,90.9,W,BISCH,1,0,0
HAMM,2018,8,99.40,107.6,L,CRAIG,0,1,0
HAMM,2018,9,100.50,124.3,L,DUKE,0,1,0
DUKE,2018,10,132.70,110.2,W,JAMES,1,0,0
MURPH,2018,9,127.40,130,L,COLLIN,0,1,0
FIELER,2018,9,70.10,119.3,L,LOTH,0,1,0
ERIC,2018,9,125.30,150.2,L,RYAN,0,1,0
DUKE,2018,9,124.30,100.5,W,HAMM,1,0,0
RYAN,2018,9,150.20,125.3,W,ERIC,1,0,0
CAP,2018,9,109.10,114.4,L,BISCH,0,1,0
JAMES,2018,1,126.20,100.8,W,LOTH,1,0,0
JAMES,2018,9,96.60,117.7,L,CRAIG,0,1,0
CRAIG,2018,13,96.40,70.9,W,ERIC,1,0,0
HAMM,2018,10,112.50,132,L,FIELER,0,1,0
JAMES,2018,15,88.00,62,W,MURPH,1,0,0
LOTH,2018,10,126.10,153.2,L,BISCH,0,1,0
MURPH,2018,10,122.00,168,L,CRAIG,0,1,0
LOTH,2018,16,120.70,94.7,W,HAMM,1,0,0
ERIC,2018,10,88.50,92.6,L,CAP,0,1,0
BISCH,2018,4,130.60,104.2,W,CRAIG,1,0,0
COLLIN,2018,10,77.90,133.2,L,RYAN,0,1,0
BISCH,2018,10,153.20,126.1,W,LOTH,1,0,0
CRAIG,2018,15,109.20,79.8,W,LOTH,1,0,0
JAMES,2018,10,110.20,132.7,L,DUKE,0,1,0
DUKE,2018,16,151.50,121.5,W,FIELER,1,0,0
BISCH,2018,16,131.30,101.1,W,MURPH,1,0,0
BISCH,2018,13,115.50,83.2,W,COLLIN,1,0,0
LOTH,2018,11,128.70,135.4,L,HAMM,0,1,0
COLLIN,2018,3,137.50,104.2,W,CRAIG,1,0,0
COLLIN,2018,12,116.30,82.7,W,ERIC,1,0,0
MURPH,2018,3,136.10,101.7,W,HAMM,1,0,0
RYAN,2018,11,125.70,177.8,L,CRAIG,0,1,0
MURPH,2018,8,137.30,102.9,W,ERIC,1,0,0
CAP,2018,11,62.90,136.9,L,COLLIN,0,1,0
DUKE,2018,11,92.60,111.4,L,MURPH,0,1,0
JAMES,2018,11,66.90,122.8,L,FIELER,0,1,0
BISCH,2018,11,99.20,98.9,W,ERIC,1,0,0
HAMM,2018,11,135.40,128.7,W,LOTH,1,0,0
COLLIN,2018,15,113.40,78.4,W,HAMM,1,0,0
RYAN,2018,12,148.80,113.4,W,DUKE,1,0,0
JAMES,2018,6,161.90,123.2,W,CAP,1,0,0
FIELER,2018,12,100.80,111,L,MURPH,0,1,0
ERIC,2018,12,82.70,116.3,L,COLLIN,0,1,0
RYAN,2018,8,136.50,94.6,W,CAP,1,0,0
ERIC,2018,4,169.00,127,W,FIELER,1,0,0
CAP,2018,12,124.30,131.3,L,CRAIG,0,1,0
DUKE,2018,12,113.40,148.8,L,RYAN,0,1,0
JAMES,2018,12,112.60,114,L,LOTH,0,1,0
CRAIG,2018,14,140.20,97.9,W,MURPH,1,0,0
HAMM,2018,12,120.70,129.2,L,BISCH,0,1,0
LOTH,2018,7,125.50,82.2,W,CRAIG,1,0,0
LOTH,2018,14,136.80,93,W,RYAN,1,0,0
MURPH,2018,13,97.70,110.1,L,LOTH,0,1,0
FIELER,2018,13,102.30,118.9,L,RYAN,0,1,0
ERIC,2018,13,70.90,96.4,L,CRAIG,0,1,0
CRAIG,2018,1,132.30,88.4,W,CAP,1,0,0
COLLIN,2018,13,83.20,115.5,L,BISCH,0,1,0
CRAIG,2018,10,168.00,122,W,MURPH,1,0,0
DUKE,2018,13,87.20,102.5,L,CAP,0,1,0
JAMES,2018,8,140.60,93.1,W,COLLIN,1,0,0
HAMM,2018,13,119.20,139.7,L,JAMES,0,1,0
LOTH,2018,9,119.30,70.1,W,FIELER,1,0,0
CRAIG,2018,11,177.80,125.7,W,RYAN,1,0,0
BISCH,2018,5,135.40,82.7,W,MURPH,1,0,0
MURPH,2018,14,97.90,140.2,L,CRAIG,0,1,0
FIELER,2018,5,146.90,92.6,W,COLLIN,1,0,0
ERIC,2018,14,42.40,97,L,CAP,0,1,0
RYAN,2018,14,93.00,136.8,L,LOTH,0,1,0
CAP,2018,14,97.00,42.4,W,ERIC,1,0,0
DUKE,2018,2,109.40,54.2,W,CAP,1,0,0
DUKE,2018,14,126.20,129,L,FIELER,0,1,0
JAMES,2018,14,112.20,126.2,L,HAMM,0,1,0
BISCH,2018,14,88.50,99.9,L,COLLIN,0,1,0
HAMM,2018,14,126.20,112.2,W,JAMES,1,0,0
RYAN,2018,10,133.20,77.9,W,COLLIN,1,0,0
LOTH,2018,15,79.80,109.2,L,CRAIG,0,1,0
MURPH,2018,15,62.00,88,L,JAMES,0,1,0
FIELER,2018,11,122.80,66.9,W,JAMES,1,0,0
ERIC,2018,15,78.60,135.6,L,DUKE,0,1,0
CAP,2018,16,134.60,78.6,W,ERIC,1,0,0
LOTH,2018,4,163.80,107.6,W,CAP,1,0,0
CAP,2018,15,90.80,101.5,L,FIELER,0,1,0
JAMES,2018,5,156.20,99.5,W,RYAN,1,0,0
DUKE,2018,15,135.60,78.6,W,ERIC,1,0,0
BISCH,2018,15,83.30,103.5,L,RYAN,0,1,0
HAMM,2018,15,78.40,113.4,L,COLLIN,0,1,0
CRAIG,2018,16,106.30,121.5,L,COLLIN,0,1,0
BISCH,2018,8,134.50,70.4,W,FIELER,1,0,0
MURPH,2018,16,101.10,131.3,L,BISCH,0,1,0
FIELER,2018,16,121.50,151.5,L,DUKE,0,1,0
ERIC,2018,16,78.60,134.6,L,CAP,0,1,0
RYAN,2018,16,95.30,98.4,L,JAMES,0,1,0
MURPH,2018,7,140.90,74.7,W,CAP,1,0,0
CRAIG,2018,5,164.60,91.8,W,DUKE,1,0,0
COLLIN,2018,11,136.90,62.9,W,CAP,1,0,0
HAMM,2018,16,94.70,120.7,L,LOTH,0,1,0
BISCH,2018,6,195.10,77.8,W,DUKE,1,0,0
HAMM,2017,1,96.30,72.9,W,BISCH,1,0,0
HAMM,2017,2,109.80,76.8,W,RYAN,1,0,0
HAMM,2017,3,108.60,142.4,L,CAP,0,1,0
HAMM,2017,4,121.40,93.4,W,COLLIN,1,0,0
HAMM,2017,5,119.50,92.8,W,JAMES,1,0,0
HAMM,2017,6,93.80,107.3,L,MURPH,0,1,0
HAMM,2017,7,82.80,104.5,L,ERIC,0,1,0
HAMM,2017,8,99.60,114.3,L,DUKE,0,1,0
HAMM,2017,9,110.80,37.3,W,LOTH,1,0,0
HAMM,2017,10,83.40,62.6,W,FIELER,1,0,0
HAMM,2017,11,78.50,111.5,L,CRAIG,0,1,0
HAMM,2017,12,99.10,124.3,L,BISCH,0,1,0
HAMM,2017,13,83.40,126.1,L,RYAN,0,1,0
HAMM,2017,14,132.70,116.9,W,DUKE,1,0,0
HAMM,2017,15,120.10,80.9,W,CAP,1,0,0
HAMM,2017,16,85.10,98.7,L,DUKE,0,1,0
CRAIG,2017,1,77.10,108.8,L,FIELER,0,1,0
CRAIG,2017,2,88.30,125.2,L,LOTH,0,1,0
CRAIG,2017,3,58.40,114.1,L,BISCH,0,1,0
CRAIG,2017,4,66.70,115,L,RYAN,0,1,0
CRAIG,2017,5,109.10,80.7,W,CAP,1,0,0
CRAIG,2017,6,84.00,84.5,L,COLLIN,0,1,0
CRAIG,2017,7,96.40,117.5,L,JAMES,0,1,0
CRAIG,2017,8,64.10,98.3,L,MURPH,0,1,0
CRAIG,2017,9,93.60,88.7,W,ERIC,1,0,0
CRAIG,2017,10,127.90,161.2,L,DUKE,0,1,0
CRAIG,2017,11,111.50,78.5,W,HAMM,1,0,0
CRAIG,2017,12,122.40,65,W,FIELER,1,0,0
CRAIG,2017,13,96.10,62.5,W,LOTH,1,0,0
CRAIG,2017,14,80.70,94.8,L,CAP,0,1,0
CRAIG,2017,15,103.10,168.8,L,DUKE,0,1,0
CRAIG,2017,16,102.70,93,W,CAP,1,0,0
LOTH,2017,1,114.00,99.8,W,JAMES,1,0,0
LOTH,2017,2,125.20,88.3,W,CRAIG,1,0,0
LOTH,2017,3,134.60,111.8,W,MURPH,1,0,0
LOTH,2017,4,122.20,80.3,W,BISCH,1,0,0
LOTH,2017,5,94.30,80.3,W,ERIC,1,0,0
LOTH,2017,6,117.40,106,W,RYAN,1,0,0
LOTH,2017,7,100.40,116.1,L,DUKE,0,1,0
LOTH,2017,8,99.80,111.1,L,CAP,0,1,0
LOTH,2017,9,37.30,110.8,L,HAMM,0,1,0
LOTH,2017,10,93.60,93.9,L,COLLIN,0,1,0
LOTH,2017,11,115.90,67.3,W,FIELER,1,0,0
LOTH,2017,12,109.90,167.1,L,JAMES,0,1,0
LOTH,2017,13,62.50,96.1,L,CRAIG,0,1,0
LOTH,2017,14,72.50,105.5,L,RYAN,0,1,0
LOTH,2017,15,77.70,83.3,L,FIELER,0,1,0
LOTH,2017,16,51.70,75.5,L,JAMES,0,1,0
MURPH,2017,1,93.70,87.2,W,COLLIN,1,0,0
MURPH,2017,2,101.30,103.7,L,JAMES,0,1,0
MURPH,2017,3,111.80,134.6,L,LOTH,0,1,0
MURPH,2017,4,110.10,79.3,W,ERIC,1,0,0
MURPH,2017,5,102.80,93.8,W,DUKE,1,0,0
MURPH,2017,6,107.30,93.8,W,HAMM,1,0,0
MURPH,2017,7,96.30,100.1,L,FIELER,0,1,0
MURPH,2017,8,98.30,64.1,W,CRAIG,1,0,0
MURPH,2017,9,91.20,116.2,L,BISCH,0,1,0
MURPH,2017,10,113.50,92.7,W,RYAN,1,0,0
MURPH,2017,11,91.40,116.8,L,CAP,0,1,0
MURPH,2017,12,127.60,78.1,W,COLLIN,1,0,0
MURPH,2017,13,118.30,114.8,W,JAMES,1,0,0
MURPH,2017,14,111.70,90.5,W,JAMES,1,0,0
MURPH,2017,15,118.00,79.5,W,RYAN,1,0,0
MURPH,2017,16,107.90,127.5,L,COLLIN,0,1,0
FIELER,2017,1,108.80,77.1,W,CRAIG,1,0,0
FIELER,2017,2,72.50,95.7,L,BISCH,0,1,0
FIELER,2017,3,160.50,90.2,W,RYAN,1,0,0
FIELER,2017,4,104.50,99.2,W,CAP,1,0,0
FIELER,2017,5,81.30,86.3,L,COLLIN,0,1,0
FIELER,2017,6,123.50,93.5,W,JAMES,1,0,0
FIELER,2017,7,100.10,96.3,W,MURPH,1,0,0
FIELER,2017,8,95.30,90.6,W,ERIC,1,0,0
FIELER,2017,9,95.30,91.5,W,DUKE,1,0,0
FIELER,2017,10,62.60,83.4,L,HAMM,0,1,0
FIELER,2017,11,67.30,115.9,L,LOTH,0,1,0
FIELER,2017,12,65.00,122.4,L,CRAIG,0,1,0
FIELER,2017,13,83.10,138.4,L,BISCH,0,1,0
FIELER,2017,14,109.10,141.5,L,COLLIN,0,1,0
FIELER,2017,15,83.30,77.7,W,LOTH,1,0,0
FIELER,2017,16,62.10,86.6,L,ERIC,0,1,0
ERIC,2017,1,99.70,98,W,CAP,1,0,0
ERIC,2017,2,135.20,103.5,W,COLLIN,1,0,0
ERIC,2017,3,82.50,93,L,JAMES,0,1,0
ERIC,2017,4,79.30,110.1,L,MURPH,0,1,0
ERIC,2017,5,80.30,94.3,L,LOTH,0,1,0
ERIC,2017,6,130.40,124.5,W,DUKE,1,0,0
ERIC,2017,7,104.50,82.8,W,HAMM,1,0,0
ERIC,2017,8,90.60,95.3,L,FIELER,0,1,0
ERIC,2017,9,88.70,93.6,L,CRAIG,0,1,0
ERIC,2017,10,112.40,112.7,L,BISCH,0,1,0
ERIC,2017,11,123.50,116.9,W,RYAN,1,0,0
ERIC,2017,12,139.50,106.1,W,CAP,1,0,0
ERIC,2017,13,97.40,111.6,L,COLLIN,0,1,0
ERIC,2017,14,101.60,123.2,L,BISCH,0,1,0
ERIC,2017,15,99.90,97.6,W,JAMES,1,0,0
ERIC,2017,16,86.60,62.1,W,FIELER,1,0,0
RYAN,2017,1,89.20,126.9,L,DUKE,0,1,0
RYAN,2017,2,76.80,109.8,L,HAMM,0,1,0
RYAN,2017,3,90.20,160.5,L,FIELER,0,1,0
RYAN,2017,4,115.00,66.7,W,CRAIG,1,0,0
RYAN,2017,5,143.10,96.4,W,BISCH,1,0,0
RYAN,2017,6,106.00,117.4,L,LOTH,0,1,0
RYAN,2017,7,120.30,87.4,W,CAP,1,0,0
RYAN,2017,8,152.20,102.2,W,COLLIN,1,0,0
RYAN,2017,9,113.60,158.1,L,JAMES,0,1,0
RYAN,2017,10,92.70,113.5,L,MURPH,0,1,0
RYAN,2017,11,116.90,123.5,L,ERIC,0,1,0
RYAN,2017,12,113.10,80.8,W,DUKE,1,0,0
RYAN,2017,13,126.10,83.4,W,HAMM,1,0,0
RYAN,2017,14,105.50,72.5,W,LOTH,1,0,0
RYAN,2017,15,79.50,118,L,MURPH,0,1,0
RYAN,2017,16,130.10,88.4,W,BISCH,1,0,0
COLLIN,2017,1,87.20,93.7,L,MURPH,0,1,0
COLLIN,2017,2,103.50,135.2,L,ERIC,0,1,0
COLLIN,2017,3,115.10,105.9,W,DUKE,1,0,0
COLLIN,2017,4,93.40,121.4,L,HAMM,0,1,0
COLLIN,2017,5,86.30,81.3,W,FIELER,1,0,0
COLLIN,2017,6,84.50,84,W,CRAIG,1,0,0
COLLIN,2017,7,121.50,128.9,L,BISCH,0,1,0
COLLIN,2017,8,102.20,152.2,L,RYAN,0,1,0
COLLIN,2017,9,110.60,103.4,W,CAP,1,0,0
COLLIN,2017,10,93.90,93.6,W,LOTH,1,0,0
COLLIN,2017,11,104.40,74.3,W,JAMES,1,0,0
COLLIN,2017,12,78.10,127.6,L,MURPH,0,1,0
COLLIN,2017,13,111.60,97.4,W,ERIC,1,0,0
COLLIN,2017,14,141.50,109.1,W,FIELER,1,0,0
COLLIN,2017,15,124.80,84.9,W,BISCH,1,0,0
COLLIN,2017,16,127.50,107.9,W,MURPH,1,0,0
CAP,2017,1,98.00,99.7,L,ERIC,0,1,0
CAP,2017,2,129.40,94,W,DUKE,1,0,0
CAP,2017,3,142.40,108.6,W,HAMM,1,0,0
CAP,2017,4,99.20,104.5,L,FIELER,0,1,0
CAP,2017,5,80.70,109.1,L,CRAIG,0,1,0
CAP,2017,6,96.00,96.3,L,BISCH,0,1,0
CAP,2017,7,87.40,120.3,L,RYAN,0,1,0
CAP,2017,8,111.10,99.8,W,LOTH,1,0,0
CAP,2017,9,103.40,110.6,L,COLLIN,0,1,0
CAP,2017,10,105.00,83.3,W,JAMES,1,0,0
CAP,2017,11,116.80,91.4,W,MURPH,1,0,0
CAP,2017,12,106.10,139.5,L,ERIC,0,1,0
CAP,2017,13,107.10,109.2,L,DUKE,0,1,0
CAP,2017,14,94.80,80.7,W,CRAIG,1,0,0
CAP,2017,15,80.90,120.1,L,HAMM,0,1,0
CAP,2017,16,93.00,102.7,L,CRAIG,0,1,0
DUKE,2017,1,126.90,89.2,W,RYAN,1,0,0
DUKE,2017,2,94.00,129.4,L,CAP,0,1,0
DUKE,2017,3,105.90,115.1,L,COLLIN,0,1,0
DUKE,2017,4,93.40,114,L,JAMES,0,1,0
DUKE,2017,5,93.80,102.8,L,MURPH,0,1,0
DUKE,2017,6,124.50,130.4,L,ERIC,0,1,0
DUKE,2017,7,116.10,100.4,W,LOTH,1,0,0
DUKE,2017,8,114.30,99.6,W,HAMM,1,0,0
DUKE,2017,9,91.50,95.3,L,FIELER,0,1,0
DUKE,2017,10,161.20,127.9,W,CRAIG,1,0,0
DUKE,2017,11,140.20,159.4,L,BISCH,0,1,0
DUKE,2017,12,80.80,113.1,L,RYAN,0,1,0
DUKE,2017,13,109.20,107.1,W,CAP,1,0,0
DUKE,2017,14,116.90,132.7,L,HAMM,0,1,0
DUKE,2017,15,168.80,103.1,W,CRAIG,1,0,0
DUKE,2017,16,98.70,85.1,W,HAMM,1,0,0
JAMES,2017,1,99.80,114,L,LOTH,0,1,0
JAMES,2017,2,103.70,101.3,W,MURPH,1,0,0
JAMES,2017,3,93.00,82.5,W,ERIC,1,0,0
JAMES,2017,4,114.00,93.4,W,DUKE,1,0,0
JAMES,2017,5,92.80,119.5,L,HAMM,0,1,0
JAMES,2017,6,93.50,123.5,L,FIELER,0,1,0
JAMES,2017,7,117.50,96.4,W,CRAIG,1,0,0
JAMES,2017,8,89.90,138,L,BISCH,0,1,0
JAMES,2017,9,158.10,113.6,W,RYAN,1,0,0
JAMES,2017,10,83.30,105,L,CAP,0,1,0
JAMES,2017,11,74.30,104.4,L,COLLIN,0,1,0
JAMES,2017,12,167.10,109.9,W,LOTH,1,0,0
JAMES,2017,13,114.80,118.3,L,MURPH,0,1,0
JAMES,2017,14,90.50,111.7,L,MURPH,0,1,0
JAMES,2017,15,97.60,99.9,L,ERIC,0,1,0
JAMES,2017,16,75.50,51.7,W,LOTH,1,0,0
BISCH,2017,1,72.90,96.3,L,HAMM,0,1,0
BISCH,2017,2,95.70,72.5,W,FIELER,1,0,0
BISCH,2017,3,114.10,58.4,W,CRAIG,1,0,0
BISCH,2017,4,80.30,122.2,L,LOTH,0,1,0
BISCH,2017,5,96.40,143.1,L,RYAN,0,1,0
BISCH,2017,6,96.30,96,W,CAP,1,0,0
BISCH,2017,7,128.90,121.5,W,COLLIN,1,0,0
BISCH,2017,8,138.00,89.9,W,JAMES,1,0,0
BISCH,2017,9,116.20,91.2,W,MURPH,1,0,0
BISCH,2017,10,112.70,112.4,W,ERIC,1,0,0
BISCH,2017,11,159.40,140.2,W,DUKE,1,0,0
BISCH,2017,12,124.30,99.1,W,HAMM,1,0,0
BISCH,2017,13,138.40,83.1,W,FIELER,1,0,0
BISCH,2017,14,123.20,101.6,W,ERIC,1,0,0
BISCH,2017,15,84.90,124.8,L,COLLIN,0,1,0
BISCH,2017,16,88.40,130.1,L,RYAN,0,1,0
HAMM,2016,1,125.00,93,W,RYAN,1,0,0
HAMM,2016,2,86.00,109,L,BISCH,0,1,0
HAMM,2016,3,110.00,123,L,DUKE,0,1,0
HAMM,2016,4,94.00,66,W,COLLIN,1,0,0
HAMM,2016,5,89.00,107,L,CAP,0,1,0
HAMM,2016,6,138.00,97,W,ERIC,1,0,0
HAMM,2016,7,78.00,75,W,JAMES,1,0,0
HAMM,2016,8,98.00,120,L,CRAIG,0,1,0
HAMM,2016,9,106.00,89,W,LOTH,1,0,0
HAMM,2016,10,121.00,92,W,FIELER,1,0,0
HAMM,2016,11,89.00,117,L,MURPH,0,1,0
HAMM,2016,12,94.00,58,W,RYAN,1,0,0
HAMM,2016,13,127.00,98,W,BISCH,1,0,0
HAMM,2016,14,80.00,89,L,FIELER,0,1,0
HAMM,2016,15,93.00,132,L,LOTH,0,1,0
HAMM,2016,16,78.00,85,L,ERIC,0,1,0
CRAIG,2016,1,117.00,121,L,COLLIN,0,1,0
CRAIG,2016,2,94.00,121,L,LOTH,0,1,0
CRAIG,2016,3,139.00,89,W,FIELER,1,0,0
CRAIG,2016,4,114.00,117,L,MURPH,0,1,0
CRAIG,2016,5,126.00,103,W,RYAN,1,0,0
CRAIG,2016,6,100.00,65,W,BISCH,1,0,0
CRAIG,2016,7,93.00,133,L,DUKE,0,1,0
CRAIG,2016,8,120.00,98,W,HAMM,1,0,0
CRAIG,2016,9,103.00,69,W,CAP,1,0,0
CRAIG,2016,10,150.00,80,W,ERIC,1,0,0
CRAIG,2016,11,119.00,97,W,JAMES,1,0,0
CRAIG,2016,12,118.00,116,W,COLLIN,1,0,0
CRAIG,2016,13,162.00,96,W,LOTH,1,0,0
CRAIG,2016,14,137.00,54,W,COLLIN,1,0,0
CRAIG,2016,15,104.00,88,W,DUKE,1,0,0
CRAIG,2016,16,136.00,121,W,FIELER,1,0,0
LOTH,2016,1,128.00,92,W,JAMES,1,0,0
LOTH,2016,2,121.00,94,W,CRAIG,1,0,0
LOTH,2016,3,110.00,100,W,COLLIN,1,0,0
LOTH,2016,4,64.00,79,L,FIELER,0,1,0
LOTH,2016,5,109.00,125,L,MURPH,0,1,0
LOTH,2016,6,93.00,74,W,RYAN,1,0,0
LOTH,2016,7,87.00,102,L,BISCH,0,1,0
LOTH,2016,8,123.00,93,W,DUKE,1,0,0
LOTH,2016,9,89.00,106,L,HAMM,0,1,0
LOTH,2016,10,98.00,73,W,CAP,1,0,0
LOTH,2016,11,64.00,75,L,ERIC,0,1,0
LOTH,2016,12,73.00,60,W,JAMES,1,0,0
LOTH,2016,13,96.00,162,L,CRAIG,0,1,0
LOTH,2016,14,57.00,123,L,DUKE,0,1,0
LOTH,2016,15,132.00,93,W,HAMM,1,0,0
LOTH,2016,16,99.00,75,W,COLLIN,1,0,0
MURPH,2016,1,69.00,116,L,CAP,0,1,0
MURPH,2016,2,89.00,87,W,ERIC,1,0,0
MURPH,2016,3,101.00,78,W,JAMES,1,0,0
MURPH,2016,4,117.00,114,W,CRAIG,1,0,0
MURPH,2016,5,125.00,109,W,LOTH,1,0,0
MURPH,2016,6,101.00,113,L,FIELER,0,1,0
MURPH,2016,7,92.00,95,L,COLLIN,0,1,0
MURPH,2016,8,96.00,49,W,RYAN,1,0,0
MURPH,2016,9,95.00,83,W,BISCH,1,0,0
MURPH,2016,10,93.00,93.01,L,DUKE,0,1,0
MURPH,2016,11,117.00,89,W,HAMM,1,0,0
MURPH,2016,12,142.00,74,W,CAP,1,0,0
MURPH,2016,13,103.00,77,W,ERIC,1,0,0
MURPH,2016,14,92.00,60,W,ERIC,1,0,0
MURPH,2016,15,91.00,103,L,FIELER,0,1,0
MURPH,2016,16,103.00,114,L,DUKE,0,1,0
FIELER,2016,1,69.00,98,L,ERIC,0,1,0
FIELER,2016,2,111.00,73,W,JAMES,1,0,0
FIELER,2016,3,89.00,139,L,CRAIG,0,1,0
FIELER,2016,4,79.00,64,W,LOTH,1,0,0
FIELER,2016,5,98.00,98,W,COLLIN,1,0,0
FIELER,2016,6,113.00,101,W,MURPH,1,0,0
FIELER,2016,7,83.00,89,L,RYAN,0,1,0
FIELER,2016,8,98.00,76,W,BISCH,1,0,0
FIELER,2016,9,112.00,149,L,DUKE,0,1,0
FIELER,2016,10,92.00,121,L,HAMM,0,1,0
FIELER,2016,11,90.00,85,W,CAP,1,0,0
FIELER,2016,12,116.00,93,W,ERIC,1,0,0
FIELER,2016,13,94.00,98,L,JAMES,0,1,0
FIELER,2016,14,89.00,80,W,HAMM,1,0,0
FIELER,2016,15,103.00,91,W,MURPH,1,0,0
FIELER,2016,16,121.00,136,L,CRAIG,0,1,0
ERIC,2016,1,98.00,69,W,FIELER,1,0,0
ERIC,2016,2,87.00,89,L,MURPH,0,1,0
ERIC,2016,3,50.00,71,L,RYAN,0,1,0
ERIC,2016,4,77.00,74,W,BISCH,1,0,0
ERIC,2016,5,84.00,72,W,DUKE,1,0,0
ERIC,2016,6,97.00,138,L,HAMM,0,1,0
ERIC,2016,7,125.00,66,W,CAP,1,0,0
ERIC,2016,8,114.00,56,W,COLLIN,1,0,0
ERIC,2016,9,90.00,85,W,JAMES,1,0,0
ERIC,2016,10,80.00,150,L,CRAIG,0,1,0
ERIC,2016,11,75.00,64,W,LOTH,1,0,0
ERIC,2016,12,93.00,116,L,FIELER,0,1,0
ERIC,2016,13,77.00,103,L,MURPH,0,1,0
ERIC,2016,14,60.00,92,L,MURPH,0,1,0
ERIC,2016,15,71.00,97,L,COLLIN,0,1,0
ERIC,2016,16,85.00,78,W,HAMM,1,0,0
RYAN,2016,1,93.00,125,L,HAMM,0,1,0
RYAN,2016,2,89.00,108,L,CAP,0,1,0
RYAN,2016,3,71.00,50,W,ERIC,1,0,0
RYAN,2016,4,88.00,105,L,JAMES,0,1,0
RYAN,2016,5,103.00,126,L,CRAIG,0,1,0
RYAN,2016,6,74.00,93,L,LOTH,0,1,0
RYAN,2016,7,89.00,83,W,FIELER,1,0,0
RYAN,2016,8,49.00,96,L,MURPH,0,1,0
RYAN,2016,9,66.00,101,L,COLLIN,0,1,0
RYAN,2016,10,92.00,107,L,BISCH,0,1,0
RYAN,2016,11,67.00,104,L,DUKE,0,1,0
RYAN,2016,12,58.00,94,L,HAMM,0,1,0
RYAN,2016,13,59.00,73,L,CAP,0,1,0
RYAN,2016,14,52.00,64,L,CAP,0,1,0
RYAN,2016,15,68.00,77,L,JAMES,0,1,0
RYAN,2016,16,78.00,61,W,CAP,1,0,0
COLLIN,2016,1,121.00,117,W,CRAIG,1,0,0
COLLIN,2016,2,75.00,73,W,DUKE,1,0,0
COLLIN,2016,3,100.00,110,L,LOTH,0,1,0
COLLIN,2016,4,66.00,94,L,HAMM,0,1,0
COLLIN,2016,5,98.00,98.01,L,FIELER,0,1,0
COLLIN,2016,6,95.00,53,W,CAP,1,0,0
COLLIN,2016,7,95.00,92,W,MURPH,1,0,0
COLLIN,2016,8,56.00,114,L,ERIC,0,1,0
COLLIN,2016,9,101.00,66,W,RYAN,1,0,0
COLLIN,2016,10,63.00,88,L,JAMES,0,1,0
COLLIN,2016,11,85.00,79,W,BISCH,1,0,0
COLLIN,2016,12,116.00,118,L,CRAIG,0,1,0
COLLIN,2016,13,77.00,65,W,DUKE,1,0,0
COLLIN,2016,14,54.00,137,L,CRAIG,0,1,0
COLLIN,2016,15,97.00,71,W,ERIC,1,0,0
COLLIN,2016,16,75.00,99,L,LOTH,0,1,0
CAP,2016,1,116.00,69,W,MURPH,1,0,0
CAP,2016,2,108.00,89,W,RYAN,1,0,0
CAP,2016,3,58.00,87,L,BISCH,0,1,0
CAP,2016,4,87.00,85,W,DUKE,1,0,0
CAP,2016,5,107.00,89,W,HAMM,1,0,0
CAP,2016,6,53.00,95,L,COLLIN,0,1,0
CAP,2016,7,66.00,125,L,ERIC,0,1,0
CAP,2016,8,71.00,99,L,JAMES,0,1,0
CAP,2016,9,69.00,103,L,CRAIG,0,1,0
CAP,2016,10,73.00,98,L,LOTH,0,1,0
CAP,2016,11,85.00,90,L,FIELER,0,1,0
CAP,2016,12,74.00,142,L,MURPH,0,1,0
CAP,2016,13,73.00,59,W,RYAN,1,0,0
CAP,2016,14,64.00,52,W,RYAN,1,0,0
CAP,2016,15,49.00,70,L,BISCH,0,1,0
CAP,2016,16,61.00,78,L,RYAN,0,1,0
DUKE,2016,1,93.00,102,L,BISCH,0,1,0
DUKE,2016,2,73.00,75,L,COLLIN,0,1,0
DUKE,2016,3,123.00,110,W,HAMM,1,0,0
DUKE,2016,4,85.00,87,L,CAP,0,1,0
DUKE,2016,5,72.00,84,L,ERIC,0,1,0
DUKE,2016,6,83.00,83,W,JAMES,1,0,0
DUKE,2016,7,133.00,93,W,CRAIG,1,0,0
DUKE,2016,8,93.00,123,L,LOTH,0,1,0
DUKE,2016,9,149.00,112,W,FIELER,1,0,0
DUKE,2016,10,93.00,93,W,MURPH,1,0,0
DUKE,2016,11,104.00,67,W,RYAN,1,0,0
DUKE,2016,12,117.00,92,W,BISCH,1,0,0
DUKE,2016,13,65.00,77,L,COLLIN,0,1,0
DUKE,2016,14,123.00,57,W,LOTH,1,0,0
DUKE,2016,15,88.00,104,L,CRAIG,0,1,0
DUKE,2016,16,114.00,103,W,MURPH,1,0,0
JAMES,2016,1,92.00,128,L,LOTH,0,1,0
JAMES,2016,2,73.00,111,L,FIELER,0,1,0
JAMES,2016,3,78.00,101,L,MURPH,0,1,0
JAMES,2016,4,105.00,88,W,RYAN,1,0,0
JAMES,2016,5,70.00,45,W,BISCH,1,0,0
JAMES,2016,6,83.00,83.01,L,DUKE,0,1,0
JAMES,2016,7,75.00,78,L,HAMM,0,1,0
JAMES,2016,8,99.00,71,W,CAP,1,0,0
JAMES,2016,9,85.00,90,L,ERIC,0,1,0
JAMES,2016,10,88.00,63,W,COLLIN,1,0,0
JAMES,2016,11,97.00,119,L,CRAIG,0,1,0
JAMES,2016,12,60.00,73,L,LOTH,0,1,0
JAMES,2016,13,98.00,94,W,FIELER,1,0,0
JAMES,2016,14,65.00,70,L,BISCH,0,1,0
JAMES,2016,15,77.00,68,W,RYAN,1,0,0
JAMES,2016,16,59.00,81,L,BISCH,0,1,0
BISCH,2016,1,102.00,93,W,DUKE,1,0,0
BISCH,2016,2,109.00,86,W,HAMM,1,0,0
BISCH,2016,3,87.00,58,W,CAP,1,0,0
BISCH,2016,4,74.00,77,L,ERIC,0,1,0
BISCH,2016,5,45.00,70,L,JAMES,0,1,0
BISCH,2016,6,65.00,100,L,CRAIG,0,1,0
BISCH,2016,7,102.00,87,W,LOTH,1,0,0
BISCH,2016,8,76.00,98,L,FIELER,0,1,0
BISCH,2016,9,83.00,95,L,MURPH,0,1,0
BISCH,2016,10,107.00,92,W,RYAN,1,0,0
BISCH,2016,11,79.00,85,L,COLLIN,0,1,0
BISCH,2016,12,92.00,117,L,DUKE,0,1,0
BISCH,2016,13,98.00,127,L,HAMM,0,1,0
BISCH,2016,14,70.00,65,W,JAMES,1,0,0
BISCH,2016,15,70.00,49,W,CAP,1,0,0
BISCH,2016,16,81.00,59,W,JAMES,1,0,0
HAMM,2015,1,120.00,84,W,CRAIG,1,0,0
HAMM,2015,2,92.00,90,W,RYAN,1,0,0
HAMM,2015,3,117.00,117,W,CAP,1,0,0
HAMM,2015,4,87.00,109,L,FIELER,0,1,0
HAMM,2015,5,88.00,89,L,JAMES,0,1,0
HAMM,2015,6,125.00,98,W,KYLE,1,0,0
HAMM,2015,7,89.00,80,W,LOTH,1,0,0
HAMM,2015,8,85.00,115,L,MURPH,0,1,0
HAMM,2015,9,75.00,107,L,ERIC,0,1,0
HAMM,2015,10,75.00,78,L,CRAIG,0,1,0
HAMM,2015,11,80.00,49,W,RYAN,1,0,0
HAMM,2015,12,94.00,106,L,CAP,0,1,0
HAMM,2015,13,92.00,91,W,FIELER,1,0,0
HAMM,2015,14,88.00,84,W,MURPH,1,0,0
HAMM,2015,15,112.00,104,W,RYAN,1,0,0
HAMM,2015,16,101.00,71,W,CAP,1,0,0
CRAIG,2015,1,84.00,120,L,HAMM,0,1,0
CRAIG,2015,2,94.00,79,W,MURPH,1,0,0
CRAIG,2015,3,95.00,100,L,ERIC,0,1,0
CRAIG,2015,4,66.00,88,L,LOTH,0,1,0
CRAIG,2015,5,77.00,116,L,RYAN,0,1,0
CRAIG,2015,6,85.00,104,L,CAP,0,1,0
CRAIG,2015,7,84.00,127,L,FIELER,0,1,0
CRAIG,2015,8,76.00,89,L,JAMES,0,1,0
CRAIG,2015,9,107.00,100,W,KYLE,1,0,0
CRAIG,2015,10,78.00,75,W,HAMM,1,0,0
CRAIG,2015,11,112.00,85,W,MURPH,1,0,0
CRAIG,2015,12,110.00,66,W,ERIC,1,0,0
CRAIG,2015,13,148.00,69,W,LOTH,1,0,0
CRAIG,2015,14,104.00,110,L,FIELER,0,1,0
CRAIG,2015,15,148.00,105,W,KYLE,1,0,0
CRAIG,2015,16,100.00,71,W,ERIC,1,0,0
LOTH,2015,1,133.00,91,W,FIELER,1,0,0
LOTH,2015,2,103.00,86,W,JAMES,1,0,0
LOTH,2015,3,150.00,109,W,KYLE,1,0,0
LOTH,2015,4,88.00,66,W,CRAIG,1,0,0
LOTH,2015,5,88.00,103,L,MURPH,0,1,0
LOTH,2015,6,117.00,84,W,ERIC,1,0,0
LOTH,2015,7,80.00,89,L,HAMM,0,1,0
LOTH,2015,8,110.00,92,W,RYAN,1,0,0
LOTH,2015,9,105.00,95,W,CAP,1,0,0
LOTH,2015,10,89.00,91,L,FIELER,0,1,0
LOTH,2015,11,63.00,73,L,JAMES,0,1,0
LOTH,2015,12,75.00,94,L,KYLE,0,1,0
LOTH,2015,13,69.00,148,L,CRAIG,0,1,0
LOTH,2015,14,114.00,79,W,JAMES,1,0,0
LOTH,2015,15,82.00,93,L,CAP,0,1,0
LOTH,2015,16,51.00,134,L,RYAN,0,1,0
MURPH,2015,1,73.00,85,L,KYLE,0,1,0
MURPH,2015,2,79.00,94,L,CRAIG,0,1,0
MURPH,2015,3,128.00,62,W,FIELER,1,0,0
MURPH,2015,4,104.00,71,W,ERIC,1,0,0
MURPH,2015,5,103.00,88,W,LOTH,1,0,0
MURPH,2015,6,95.00,98,L,RYAN,0,1,0
MURPH,2015,7,83.00,105,L,CAP,0,1,0
MURPH,2015,8,115.00,85,W,HAMM,1,0,0
MURPH,2015,9,105.00,180,L,JAMES,0,1,0
MURPH,2015,10,126.00,94,W,KYLE,1,0,0
MURPH,2015,11,85.00,112,L,CRAIG,0,1,0
MURPH,2015,12,108.00,107,W,FIELER,1,0,0
MURPH,2015,13,109.00,64,W,ERIC,1,0,0
MURPH,2015,14,84.00,88,L,HAMM,0,1,0
MURPH,2015,15,104.00,130,L,JAMES,0,1,0
MURPH,2015,16,112.00,97,W,JAMES,1,0,0
FIELER,2015,1,91.00,133,L,LOTH,0,1,0
FIELER,2015,2,57.00,73,L,CAP,0,1,0
FIELER,2015,3,62.00,128,L,MURPH,0,1,0
FIELER,2015,4,109.00,87,W,HAMM,1,0,0
FIELER,2015,5,99.00,75,W,ERIC,1,0,0
FIELER,2015,6,121.00,93,W,JAMES,1,0,0
FIELER,2015,7,127.00,84,W,CRAIG,1,0,0
FIELER,2015,8,95.00,82,W,KYLE,1,0,0
FIELER,2015,9,71.00,80,L,RYAN,0,1,0
FIELER,2015,10,91.00,89,W,LOTH,1,0,0
FIELER,2015,11,96.00,53,W,CAP,1,0,0
FIELER,2015,12,107.00,108,L,MURPH,0,1,0
FIELER,2015,13,91.00,92,L,HAMM,0,1,0
FIELER,2015,14,110.00,104,W,CRAIG,1,0,0
FIELER,2015,15,107.00,120,L,ERIC,0,1,0
FIELER,2015,16,69.00,84,L,KYLE,0,1,0
ERIC,2015,1,82.00,118,L,JAMES,0,1,0
ERIC,2015,2,114.00,98,W,KYLE,1,0,0
ERIC,2015,3,100.00,95,W,CRAIG,1,0,0
ERIC,2015,4,71.00,104,L,MURPH,0,1,0
ERIC,2015,5,75.00,99,L,FIELER,0,1,0
ERIC,2015,6,84.00,117,L,LOTH,0,1,0
ERIC,2015,7,102.00,128,L,RYAN,0,1,0
ERIC,2015,8,65.00,98,L,CAP,0,1,0
ERIC,2015,9,107.00,75,W,HAMM,1,0,0
ERIC,2015,10,83.00,102,L,JAMES,0,1,0
ERIC,2015,11,53.00,84,L,KYLE,0,1,0
ERIC,2015,12,66.00,110,L,CRAIG,0,1,0
ERIC,2015,13,64.00,109,L,MURPH,0,1,0
ERIC,2015,14,82.00,79,W,KYLE,1,0,0
ERIC,2015,15,120.00,107,W,FIELER,1,0,0
ERIC,2015,16,71.00,100,L,CRAIG,0,1,0
RYAN,2015,1,129.00,75,W,CAP,1,0,0
RYAN,2015,2,90.00,92,L,HAMM,0,1,0
RYAN,2015,3,138.00,76,W,JAMES,1,0,0
RYAN,2015,4,57.00,116,L,KYLE,0,1,0
RYAN,2015,5,116.00,77,W,CRAIG,1,0,0
RYAN,2015,6,98.00,95,W,MURPH,1,0,0
RYAN,2015,7,128.00,102,W,ERIC,1,0,0
RYAN,2015,8,92.00,110,L,LOTH,0,1,0
RYAN,2015,9,80.00,71,W,FIELER,1,0,0
RYAN,2015,10,70.00,73,L,CAP,0,1,0
RYAN,2015,11,49.00,80,L,HAMM,0,1,0
RYAN,2015,12,84.00,36,W,JAMES,1,0,0
RYAN,2015,13,77.00,76,W,KYLE,1,0,0
RYAN,2015,15,104.00,112,L,HAMM,0,1,0
RYAN,2015,16,134.00,51,W,LOTH,1,0,0
JAMES,2015,1,118.00,82,W,ERIC,1,0,0
JAMES,2015,2,86.00,103,L,LOTH,0,1,0
JAMES,2015,3,76.00,138,L,RYAN,0,1,0
JAMES,2015,4,80.00,88,L,CAP,0,1,0
JAMES,2015,5,89.00,88,W,HAMM,1,0,0
JAMES,2015,6,93.00,121,L,FIELER,0,1,0
JAMES,2015,7,121.00,89,W,KYLE,1,0,0
JAMES,2015,8,89.00,76,W,CRAIG,1,0,0
JAMES,2015,9,180.00,105,W,MURPH,1,0,0
JAMES,2015,10,102.00,83,W,ERIC,1,0,0
JAMES,2015,11,73.00,63,W,LOTH,1,0,0
JAMES,2015,12,36.00,84,L,RYAN,0,1,0
JAMES,2015,13,114.00,115,L,CAP,0,1,0
JAMES,2015,14,79.00,114,L,LOTH,0,1,0
JAMES,2015,15,130.00,104,W,MURPH,1,0,0
JAMES,2015,16,97.00,112,L,MURPH,0,1,0
CAP,2015,1,75.00,129,L,RYAN,0,1,0
CAP,2015,2,73.00,57,W,FIELER,1,0,0
CAP,2015,3,117.00,117.01,L,HAMM,0,1,0
CAP,2015,4,88.00,80,W,JAMES,1,0,0
CAP,2015,5,119.00,105,W,KYLE,1,0,0
CAP,2015,6,104.00,85,W,CRAIG,1,0,0
CAP,2015,7,105.00,83,W,MURPH,1,0,0
CAP,2015,8,98.00,65,W,ERIC,1,0,0
CAP,2015,9,95.00,105,L,LOTH,0,1,0
CAP,2015,10,73.00,70,W,RYAN,1,0,0
CAP,2015,11,53.00,96,L,FIELER,0,1,0
CAP,2015,12,106.00,94,W,HAMM,1,0,0
CAP,2015,13,115.00,114,W,JAMES,1,0,0
CAP,2015,15,93.00,82,W,LOTH,1,0,0
CAP,2015,16,71.00,101,L,HAMM,0,1,0
KYLE,2015,1,85.00,73,W,MURPH,1,0,0
KYLE,2015,2,98.00,114,L,ERIC,0,1,0
KYLE,2015,3,109.00,150,L,LOTH,0,1,0
KYLE,2015,4,116.00,71,W,ERIC,1,0,0
KYLE,2015,5,105.00,119,L,CAP,0,1,0
KYLE,2015,6,98.00,125,L,HAMM,0,1,0
KYLE,2015,7,89.00,121,L,JAMES,0,1,0
KYLE,2015,8,82.00,95,L,FIELER,0,1,0
KYLE,2015,9,100.00,107,L,CRAIG,0,1,0
KYLE,2015,10,94.00,126,L,MURPH,0,1,0
KYLE,2015,11,84.00,53,W,ERIC,1,0,0
KYLE,2015,12,94.00,75,W,LOTH,1,0,0
KYLE,2015,13,76.00,77,L,RYAN,0,1,0
KYLE,2015,14,79.00,82,L,ERIC,0,1,0
KYLE,2015,15,105.00,148,L,CRAIG,0,1,0
KYLE,2015,16,84.00,69,W,FIELER,1,0,0
HAMM,2014,1,107.00,117,L,CRAIG,0,1,0
HAMM,2014,2,87.00,88,L,LOTH,0,1,0
HAMM,2014,3,105.00,85,W,FIELER,1,0,0
HAMM,2014,4,131.00,66,W,MURPH,1,0,0
HAMM,2014,5,76.00,108,L,ERIC,0,1,0
HAMM,2014,6,90.00,84,W,JETT,1,0,0
HAMM,2014,7,74.00,74,W,RYAN,1,0,0
HAMM,2014,8,123.99,88,W,COLLIN,1,0,0
HAMM,2014,9,84.00,87,L,DUKE,0,1,0
HAMM,2014,10,92.00,97,L,CAP,0,1,0
HAMM,2014,11,95.00,77,W,SOUP,1,0,0
HAMM,2014,12,122.00,109,W,CRAIG,1,0,0
HAMM,2014,13,154.00,84,W,LOTH,1,0,0
HAMM,2014,14,89.00,102,L,FIELER,0,1,0
HAMM,2014,15,114.00,107,W,CAP,1,0,0
HAMM,2014,16,78.00,87,L,CRAIG,0,1,0
HAMM,2014,17,129.00,84,W,RYAN,1,0,0
CRAIG,2014,1,117.00,107,W,HAMM,1,0,0
CRAIG,2014,2,47.00,120,L,FIELER,0,1,0
CRAIG,2014,3,85.00,68,W,ERIC,1,0,0
CRAIG,2014,4,107.00,104,W,RYAN,1,0,0
CRAIG,2014,5,116.00,87,W,DUKE,1,0,0
CRAIG,2014,6,97.00,68,W,SOUP,1,0,0
CRAIG,2014,7,75.00,124,L,LOTH,0,1,0
CRAIG,2014,8,114.00,111,W,MURPH,1,0,0
CRAIG,2014,9,124.00,41,W,JETT,1,0,0
CRAIG,2014,10,134.00,115,W,COLLIN,1,0,0
CRAIG,2014,11,110.00,86,W,CAP,1,0,0
CRAIG,2014,12,109.00,122,L,HAMM,0,1,0
CRAIG,2014,13,109.00,97,W,FIELER,1,0,0
CRAIG,2014,14,138.00,118,W,ERIC,1,0,0
CRAIG,2014,16,87.00,78,W,HAMM,1,0,0
CRAIG,2014,17,79.00,75,W,SOUP,1,0,0
LOTH,2014,1,75.00,129,L,SOUP,0,1,0
LOTH,2014,2,88.00,87,W,HAMM,1,0,0
LOTH,2014,3,68.00,130,L,MURPH,0,1,0
LOTH,2014,4,88.00,83,W,JETT,1,0,0
LOTH,2014,5,83.00,108,L,COLLIN,0,1,0
LOTH,2014,6,84.00,54,W,CAP,1,0,0
LOTH,2014,7,124.00,75,W,CRAIG,1,0,0
LOTH,2014,8,81.00,118,L,FIELER,0,1,0
LOTH,2014,9,57.00,110,L,ERIC,0,1,0
LOTH,2014,10,81.00,92,L,RYAN,0,1,0
LOTH,2014,11,79.00,45,W,DUKE,1,0,0
LOTH,2014,12,80.00,79,W,SOUP,1,0,0
LOTH,2014,13,84.00,154,L,HAMM,0,1,0
LOTH,2014,14,110.00,69,W,MURPH,1,0,0
LOTH,2014,15,62.00,42,W,MURPH,1,0,0
LOTH,2014,16,122.00,97,W,COLLIN,1,0,0
LOTH,2014,17,46.00,88,L,JETT,0,1,0
FIELER,2014,1,70.00,79,L,CAP,0,1,0
FIELER,2014,2,120.00,47,W,CRAIG,1,0,0
FIELER,2014,3,85.00,105,L,HAMM,0,1,0
FIELER,2014,4,103.00,86,W,ERIC,1,0,0
FIELER,2014,5,73.00,101,L,RYAN,0,1,0
FIELER,2014,6,119.00,84,W,DUKE,1,0,0
FIELER,2014,7,67.00,93,L,SOUP,0,1,0
FIELER,2014,8,118.00,81,W,LOTH,1,0,0
FIELER,2014,9,111.00,87,W,MURPH,1,0,0
FIELER,2014,10,127.00,94,W,JETT,1,0,0
FIELER,2014,11,94.00,100,L,COLLIN,0,1,0
FIELER,2014,12,93.00,118,L,CAP,0,1,0
FIELER,2014,13,97.00,109,L,CRAIG,0,1,0
FIELER,2014,14,102.00,89,W,HAMM,1,0,0
FIELER,2014,15,77.00,137,L,COLLIN,0,1,0
FIELER,2014,16,41.00,87,L,JETT,0,1,0
FIELER,2014,17,49.00,68,L,DUKE,0,1,0
MURPH,2014,1,93.00,95,L,DUKE,0,1,0
MURPH,2014,2,81.00,99,L,SOUP,0,1,0
MURPH,2014,3,130.00,68,W,LOTH,1,0,0
MURPH,2014,4,66.00,131,L,HAMM,0,1,0
MURPH,2014,5,98.00,64,W,JETT,1,0,0
MURPH,2014,6,104.00,107,L,COLLIN,0,1,0
MURPH,2014,7,93.00,51,W,CAP,1,0,0
MURPH,2014,8,111.00,114,L,CRAIG,0,1,0
MURPH,2014,9,87.00,111,L,FIELER,0,1,0
MURPH,2014,10,78.00,123,L,ERIC,0,1,0
MURPH,2014,11,83.00,66,W,RYAN,1,0,0
MURPH,2014,12,90.00,75,W,DUKE,1,0,0
MURPH,2014,13,102.00,80,W,SOUP,1,0,0
MURPH,2014,14,69.00,110,L,LOTH,0,1,0
MURPH,2014,15,42.00,62,L,LOTH,0,1,0
MURPH,2014,16,94.00,77,W,DUKE,1,0,0
MURPH,2014,17,91.00,110,L,COLLIN,0,1,0
ERIC,2014,1,86.00,100,L,COLLIN,0,1,0
ERIC,2014,2,114.00,73,W,CAP,1,0,0
ERIC,2014,3,68.00,85,L,CRAIG,0,1,0
ERIC,2014,4,86.00,103,L,FIELER,0,1,0
ERIC,2014,5,108.00,76,W,HAMM,1,0,0
ERIC,2014,6,101.00,137,L,RYAN,0,1,0
ERIC,2014,7,113.00,85,W,DUKE,1,0,0
ERIC,2014,8,109.00,120,L,SOUP,0,1,0
ERIC,2014,9,110.00,57,W,LOTH,1,0,0
ERIC,2014,10,123.00,78,W,MURPH,1,0,0
ERIC,2014,11,109.00,58,W,JETT,1,0,0
ERIC,2014,12,120.00,120,W,COLLIN,1,0,0
ERIC,2014,13,168.99,93,W,CAP,1,0,0
ERIC,2014,14,118.00,138,L,CRAIG,0,1,0
ERIC,2014,15,78.00,103,L,SOUP,0,1,0
ERIC,2014,16,91.00,102,L,CAP,0,1,0
ERIC,2014,17,66.00,94,L,CAP,0,1,0
RYAN,2014,1,86.00,95,L,JETT,0,1,0
RYAN,2014,2,92.00,74,W,COLLIN,1,0,0
RYAN,2014,3,73.00,78,L,CAP,0,1,0
RYAN,2014,4,104.00,107,L,CRAIG,0,1,0
RYAN,2014,5,101.00,73,W,FIELER,1,0,0
RYAN,2014,6,137.00,101,W,ERIC,1,0,0
RYAN,2014,7,74.00,74.01,L,HAMM,0,1,0
RYAN,2014,8,99.00,51,W,DUKE,1,0,0
RYAN,2014,9,82.00,79,W,SOUP,1,0,0
RYAN,2014,10,92.00,81,W,LOTH,1,0,0
RYAN,2014,11,66.00,83,L,MURPH,0,1,0
RYAN,2014,12,108.00,35,W,JETT,1,0,0
RYAN,2014,13,81.00,43,W,COLLIN,1,0,0
RYAN,2014,14,116.00,111,W,CAP,1,0,0
RYAN,2014,16,83.00,94,L,SOUP,0,1,0
RYAN,2014,17,84.00,129,L,HAMM,0,1,0
CAP,2014,1,79.00,70,W,FIELER,1,0,0
CAP,2014,2,73.00,114,L,ERIC,0,1,0
CAP,2014,3,78.00,73,W,RYAN,1,0,0
CAP,2014,4,111.00,71,W,DUKE,1,0,0
CAP,2014,5,88.00,81,W,SOUP,1,0,0
CAP,2014,6,54.00,84,L,LOTH,0,1,0
CAP,2014,7,51.00,93,L,MURPH,0,1,0
CAP,2014,8,146.00,65,W,JETT,1,0,0
CAP,2014,9,124.00,73,W,COLLIN,1,0,0
CAP,2014,10,97.00,92,W,HAMM,1,0,0
CAP,2014,11,86.00,110,L,CRAIG,0,1,0
CAP,2014,12,118.00,93,W,FIELER,1,0,0
CAP,2014,13,93.00,168.99,L,ERIC,0,1,0
CAP,2014,14,111.00,116,L,RYAN,0,1,0
CAP,2014,15,107.00,114,L,HAMM,0,1,0
CAP,2014,16,102.00,91,W,ERIC,1,0,0
CAP,2014,17,94.00,66,W,ERIC,1,0,0
COLLIN,2014,1,100.00,86,W,ERIC,1,0,0
COLLIN,2014,2,74.00,92,L,RYAN,0,1,0
COLLIN,2014,3,107.00,72,W,DUKE,1,0,0
COLLIN,2014,4,58.00,123,L,SOUP,0,1,0
COLLIN,2014,5,108.00,83,W,LOTH,1,0,0
COLLIN,2014,6,107.00,104,W,MURPH,1,0,0
COLLIN,2014,7,92.00,63,W,JETT,1,0,0
COLLIN,2014,8,88.00,123.99,L,HAMM,0,1,0
COLLIN,2014,9,73.00,124,L,CAP,0,1,0
COLLIN,2014,10,115.00,134,L,CRAIG,0,1,0
COLLIN,2014,11,100.00,94,W,FIELER,1,0,0
COLLIN,2014,12,120.00,120.01,L,ERIC,0,1,0
COLLIN,2014,13,43.00,81,L,RYAN,0,1,0
COLLIN,2014,14,82.00,56,W,DUKE,1,0,0
COLLIN,2014,15,137.00,77,W,FIELER,1,0,0
COLLIN,2014,16,97.00,122,L,LOTH,0,1,0
COLLIN,2014,17,110.00,91,W,MURPH,1,0,0
DUKE,2014,1,95.00,93,W,MURPH,1,0,0
DUKE,2014,2,76.00,83,L,JETT,0,1,0
DUKE,2014,3,72.00,107,L,COLLIN,0,1,0
DUKE,2014,4,71.00,111,L,CAP,0,1,0
DUKE,2014,5,87.00,116,L,CRAIG,0,1,0
DUKE,2014,6,84.00,119,L,FIELER,0,1,0
DUKE,2014,7,85.00,113,L,ERIC,0,1,0
DUKE,2014,8,51.00,99,L,RYAN,0,1,0
DUKE,2014,9,87.00,84,W,HAMM,1,0,0
DUKE,2014,10,72.00,100,L,SOUP,0,1,0
DUKE,2014,11,45.00,79,L,LOTH,0,1,0
DUKE,2014,12,75.00,90,L,MURPH,0,1,0
DUKE,2014,13,51.00,51.01,L,JETT,0,1,0
DUKE,2014,14,56.00,82,L,COLLIN,0,1,0
DUKE,2014,15,52.00,62,L,JETT,0,1,0
DUKE,2014,16,77.00,94,L,MURPH,0,1,0
DUKE,2014,17,68.00,49,W,FIELER,1,0,0
SOUP,2014,1,129.00,75,W,LOTH,1,0,0
SOUP,2014,2,99.00,81,W,MURPH,1,0,0
SOUP,2014,3,87.00,78,W,JETT,1,0,0
SOUP,2014,4,123.00,58,W,COLLIN,1,0,0
SOUP,2014,5,81.00,88,L,CAP,0,1,0
SOUP,2014,6,68.00,97,L,CRAIG,0,1,0
SOUP,2014,7,93.00,67,W,FIELER,1,0,0
SOUP,2014,8,120.00,109,W,ERIC,1,0,0
SOUP,2014,9,79.00,82,L,RYAN,0,1,0
SOUP,2014,10,100.00,72,W,DUKE,1,0,0
SOUP,2014,11,77.00,95,L,HAMM,0,1,0
SOUP,2014,12,79.00,80,L,LOTH,0,1,0
SOUP,2014,13,80.00,102,L,MURPH,0,1,0
SOUP,2014,14,94.00,75,W,JETT,1,0,0
SOUP,2014,15,103.00,78,W,ERIC,1,0,0
SOUP,2014,16,94.00,83,W,RYAN,1,0,0
SOUP,2014,17,75.00,79,L,CRAIG,0,1,0
JETT,2014,1,95.00,86,W,RYAN,1,0,0
JETT,2014,2,83.00,76,W,DUKE,1,0,0
JETT,2014,3,78.00,87,L,SOUP,0,1,0
JETT,2014,4,83.00,88,L,LOTH,0,1,0
JETT,2014,5,64.00,98,L,MURPH,0,1,0
JETT,2014,6,84.00,90,L,HAMM,0,1,0
JETT,2014,7,63.00,92,L,COLLIN,0,1,0
JETT,2014,8,65.00,146,L,CAP,0,1,0
JETT,2014,9,41.00,124,L,CRAIG,0,1,0
JETT,2014,10,94.00,127,L,FIELER,0,1,0
JETT,2014,11,58.00,109,L,ERIC,0,1,0
JETT,2014,12,35.00,108,L,RYAN,0,1,0
JETT,2014,13,51.01,51,W,DUKE,1,0,0
JETT,2014,14,75.00,94,L,SOUP,0,1,0
JETT,2014,15,62.00,52,W,DUKE,1,0,0
JETT,2014,16,87.00,41,W,FIELER,1,0,0
JETT,2014,17,88.00,46,W,LOTH,1,0,0
HAMM,2013,1,123.00,80,W,CRAIG,1,0,0
HAMM,2013,2,149.00,77,W,LOTH,1,0,0
HAMM,2013,3,87.00,73,W,FIELER,1,0,0
HAMM,2013,4,119.00,149,L,GREG,0,1,0
HAMM,2013,5,114.00,78,W,MURPH,1,0,0
HAMM,2013,6,115.00,87,W,ERIC,1,0,0
HAMM,2013,7,64.00,106,L,JETT,0,1,0
HAMM,2013,8,140.00,111,W,RYAN,1,0,0
HAMM,2013,9,77.00,163,L,COLLIN,0,1,0
HAMM,2013,10,100.00,110,L,CRAIG,0,1,0
HAMM,2013,11,72.00,93,L,LOTH,0,1,0
HAMM,2013,12,145.00,72,W,FIELER,1,0,0
HAMM,2013,13,89.00,85,W,GREG,1,0,0
HAMM,2013,14,159.00,95,W,MURPH,1,0,0
HAMM,2013,16,98.00,114,L,RYAN,0,1,0
HAMM,2013,17,81.00,88,L,CRAIG,0,1,0
CRAIG,2013,1,80.00,123,L,HAMM,0,1,0
CRAIG,2013,2,118.00,107,W,FIELER,1,0,0
CRAIG,2013,3,77.00,52,W,MURPH,1,0,0
CRAIG,2013,4,90.00,81,W,JETT,1,0,0
CRAIG,2013,5,68.00,130,L,COLLIN,0,1,0
CRAIG,2013,6,120.00,110,W,LOTH,1,0,0
CRAIG,2013,7,95.00,95,D,GREG,0,0,1
CRAIG,2013,8,93.00,84,W,ERIC,1,0,0
CRAIG,2013,9,80.00,120,L,RYAN,0,1,0
CRAIG,2013,10,110.00,100,W,HAMM,1,0,0
CRAIG,2013,11,92.00,98,L,FIELER,0,1,0
CRAIG,2013,12,61.00,59,W,MURPH,1,0,0
CRAIG,2013,13,98.00,93,W,JETT,1,0,0
CRAIG,2013,14,74.00,178,L,COLLIN,0,1,0
CRAIG,2013,15,135.00,108,W,JETT,1,0,0
CRAIG,2013,16,73.00,110,L,COLLIN,0,1,0
CRAIG,2013,17,88.00,81,W,HAMM,1,0,0
LOTH,2013,1,148.00,173,L,COLLIN,0,1,0
LOTH,2013,2,77.00,149,L,HAMM,0,1,0
LOTH,2013,3,66.00,96,L,GREG,0,1,0
LOTH,2013,4,125.00,162,L,ERIC,0,1,0
LOTH,2013,5,109.00,83,W,RYAN,1,0,0
LOTH,2013,6,110.00,120,L,CRAIG,0,1,0
LOTH,2013,7,109.00,87,W,FIELER,1,0,0
LOTH,2013,8,111.00,83,W,MURPH,1,0,0
LOTH,2013,9,112.00,130,L,JETT,0,1,0
LOTH,2013,10,81.00,121,L,COLLIN,0,1,0
LOTH,2013,11,93.00,72,W,HAMM,1,0,0
LOTH,2013,12,115.00,100,W,GREG,1,0,0
LOTH,2013,13,115.00,101,W,ERIC,1,0,0
LOTH,2013,14,62.00,91,L,RYAN,0,1,0
LOTH,2013,15,114.00,115,L,FIELER,0,1,0
LOTH,2013,16,115.00,67,W,MURPH,1,0,0
LOTH,2013,17,87.00,100,L,FIELER,0,1,0
FIELER,2013,1,178.00,76,W,RYAN,1,0,0
FIELER,2013,2,107.00,118,L,CRAIG,0,1,0
FIELER,2013,3,73.00,87,L,HAMM,0,1,0
FIELER,2013,4,165.00,113,W,MURPH,1,0,0
FIELER,2013,5,72.00,82,L,JETT,0,1,0
FIELER,2013,6,85.00,98,L,COLLIN,0,1,0
FIELER,2013,7,87.00,109,L,LOTH,0,1,0
FIELER,2013,8,96.00,85,W,GREG,1,0,0
FIELER,2013,9,95.00,112,L,ERIC,0,1,0
FIELER,2013,10,93.00,120,L,RYAN,0,1,0
FIELER,2013,11,98.00,92,W,CRAIG,1,0,0
FIELER,2013,12,72.00,145,L,HAMM,0,1,0
FIELER,2013,13,139.00,116,W,MURPH,1,0,0
FIELER,2013,14,86.00,108,L,JETT,0,1,0
FIELER,2013,15,115.00,114,W,LOTH,1,0,0
FIELER,2013,16,106.00,67,W,ERIC,1,0,0
FIELER,2013,17,100.00,87,W,LOTH,1,0,0
MURPH,2013,1,86.00,78,W,ERIC,1,0,0
MURPH,2013,2,98.00,120,L,RYAN,0,1,0
MURPH,2013,3,52.00,77,L,CRAIG,0,1,0
MURPH,2013,4,113.00,165,L,FIELER,0,1,0
MURPH,2013,5,78.00,114,L,HAMM,0,1,0
MURPH,2013,6,81.00,102,L,JETT,0,1,0
MURPH,2013,7,89.00,91,L,COLLIN,0,1,0
MURPH,2013,8,83.00,111,L,LOTH,0,1,0
MURPH,2013,9,118.00,95,W,FIELER,1,0,0
MURPH,2013,10,57.00,66,L,ERIC,0,1,0
MURPH,2013,11,84.00,111,L,RYAN,0,1,0
MURPH,2013,12,59.00,61,L,CRAIG,0,1,0
MURPH,2013,13,116.00,139,L,FIELER,0,1,0
MURPH,2013,14,95.00,159,L,HAMM,0,1,0
MURPH,2013,15,104.00,108,L,ERIC,0,1,0
MURPH,2013,16,67.00,115,L,LOTH,0,1,0
MURPH,2013,17,90.00,68,W,ERIC,1,0,0
ERIC,2013,1,78.00,86,L,MURPH,0,1,0
ERIC,2013,2,75.00,102,L,JETT,0,1,0
ERIC,2013,3,82.00,115,L,COLLIN,0,1,0
ERIC,2013,4,162.00,125,W,LOTH,1,0,0
ERIC,2013,5,66.00,111,L,GREG,0,1,0
ERIC,2013,6,87.00,115,L,HAMM,0,1,0
ERIC,2013,7,76.00,144,L,RYAN,0,1,0
ERIC,2013,8,84.00,93,L,CRAIG,0,1,0
ERIC,2013,9,112.00,95,W,FIELER,1,0,0
ERIC,2013,10,66.00,57,W,MURPH,1,0,0
ERIC,2013,11,84.00,118,L,JETT,0,1,0
ERIC,2013,12,46.00,113,L,COLLIN,0,1,0
ERIC,2013,13,101.00,115,L,LOTH,0,1,0
ERIC,2013,14,65.00,99,L,GREG,0,1,0
ERIC,2013,15,108.00,104,W,MURPH,1,0,0
ERIC,2013,16,67.00,106,L,FIELER,0,1,0
ERIC,2013,17,68.00,90,L,MURPH,0,1,0
RYAN,2013,1,76.00,178,L,FIELER,0,1,0
RYAN,2013,2,120.00,98,W,MURPH,1,0,0
RYAN,2013,3,150.00,90,W,JETT,1,0,0
RYAN,2013,4,134.00,90,W,COLLIN,1,0,0
RYAN,2013,5,83.00,109,L,LOTH,0,1,0
RYAN,2013,6,82.00,101,L,GREG,0,1,0
RYAN,2013,7,144.00,76,W,ERIC,1,0,0
RYAN,2013,8,111.00,140,L,HAMM,0,1,0
RYAN,2013,9,120.00,80,W,CRAIG,1,0,0
RYAN,2013,10,120.00,93,W,FIELER,1,0,0
RYAN,2013,11,111.00,84,W,MURPH,1,0,0
RYAN,2013,12,106.00,97,W,JETT,1,0,0
RYAN,2013,13,105.00,139,L,COLLIN,0,1,0
RYAN,2013,14,91.00,62,W,LOTH,1,0,0
RYAN,2013,15,138.00,124,W,GREG,1,0,0
RYAN,2013,16,114.00,98,W,HAMM,1,0,0
RYAN,2013,17,62.00,112,L,COLLIN,0,1,0
JETT,2013,1,132.00,90,W,GREG,1,0,0
JETT,2013,2,102.00,75,W,ERIC,1,0,0
JETT,2013,3,90.00,150,L,RYAN,0,1,0
JETT,2013,4,81.00,90,L,CRAIG,0,1,0
JETT,2013,5,82.00,72,W,FIELER,1,0,0
JETT,2013,6,102.00,81,W,MURPH,1,0,0
JETT,2013,7,106.00,64,W,HAMM,1,0,0
JETT,2013,8,105.00,93,W,COLLIN,1,0,0
JETT,2013,9,130.00,112,W,LOTH,1,0,0
JETT,2013,10,95.00,131,L,GREG,0,1,0
JETT,2013,11,118.00,84,W,ERIC,1,0,0
JETT,2013,12,97.00,106,L,RYAN,0,1,0
JETT,2013,13,93.00,98,L,CRAIG,0,1,0
JETT,2013,14,108.00,86,W,FIELER,1,0,0
JETT,2013,15,108.00,135,L,CRAIG,0,1,0
JETT,2013,16,139.00,82,W,GREG,1,0,0
JETT,2013,17,109.00,136,L,GREG,0,1,0
COLLIN,2013,1,173.00,148,W,LOTH,1,0,0
COLLIN,2013,2,99.00,121,L,GREG,0,1,0
COLLIN,2013,3,115.00,82,W,ERIC,1,0,0
COLLIN,2013,4,90.00,134,L,RYAN,0,1,0
COLLIN,2013,5,130.00,68,W,CRAIG,1,0,0
COLLIN,2013,6,98.00,85,W,FIELER,1,0,0
COLLIN,2013,7,91.00,89,W,MURPH,1,0,0
COLLIN,2013,8,93.00,105,L,JETT,0,1,0
COLLIN,2013,9,163.00,77,W,HAMM,1,0,0
COLLIN,2013,10,121.00,81,W,LOTH,1,0,0
COLLIN,2013,11,123.00,101,W,GREG,1,0,0
COLLIN,2013,12,113.00,46,W,ERIC,1,0,0
COLLIN,2013,13,139.00,105,W,RYAN,1,0,0
COLLIN,2013,14,178.00,74,W,CRAIG,1,0,0
COLLIN,2013,16,110.00,73,W,CRAIG,1,0,0
COLLIN,2013,17,112.00,62,W,RYAN,1,0,0
GREG,2013,1,90.00,132,L,JETT,0,1,0
GREG,2013,2,121.00,99,W,COLLIN,1,0,0
GREG,2013,3,96.00,66,W,LOTH,1,0,0
GREG,2013,4,149.00,119,W,HAMM,1,0,0
GREG,2013,5,111.00,66,W,ERIC,1,0,0
GREG,2013,6,101.00,82,W,RYAN,1,0,0
GREG,2013,7,95.00,95,D,CRAIG,0,0,1
GREG,2013,8,85.00,96,L,FIELER,0,1,0
GREG,2013,9,115.00,118,L,MURPH,0,1,0
GREG,2013,10,131.00,95,W,JETT,1,0,0
GREG,2013,11,101.00,123,L,COLLIN,0,1,0
GREG,2013,12,100.00,115,L,LOTH,0,1,0
GREG,2013,13,85.00,89,L,HAMM,0,1,0
GREG,2013,14,99.00,65,W,ERIC,1,0,0
GREG,2013,15,124.00,138,L,RYAN,0,1,0
GREG,2013,16,82.00,139,L,JETT,0,1,0
GREG,2013,17,136.00,109,W,JETT,1,0,0
HAMM,2012,1,95.00,82,W,CRAIG,1,0,0
HAMM,2012,2,66.00,94,L,LOTH,0,1,0
HAMM,2012,3,119.00,111,W,MEADE,1,0,0
HAMM,2012,4,124.00,103,W,KLENK,1,0,0
HAMM,2012,5,78.00,176,L,FIELER,0,1,0
HAMM,2012,6,91.00,87,W,DUKE,1,0,0
HAMM,2012,7,109.00,115,L,JETT,0,1,0
HAMM,2012,8,85.00,81,W,CRAIG,1,0,0
HAMM,2012,9,79.00,77,W,LOTH,1,0,0
HAMM,2012,10,112.00,123,L,MEADE,0,1,0
HAMM,2012,11,106.00,88,W,KLENK,1,0,0
HAMM,2012,12,152.00,89,W,FIELER,1,0,0
HAMM,2012,13,135.00,96,W,DUKE,1,0,0
HAMM,2012,14,195.00,175,W,FIELER,1,0,0
HAMM,2012,16,253.00,234,W,JETT,1,0,0
CRAIG,2012,1,82.00,95,L,HAMM,0,1,0
CRAIG,2012,2,156.00,89,W,MEADE,1,0,0
CRAIG,2012,3,69.00,79,L,FIELER,0,1,0
CRAIG,2012,4,125.00,106,W,JETT,1,0,0
CRAIG,2012,5,115.00,116,L,LOTH,0,1,0
CRAIG,2012,6,97.00,149,L,KLENK,0,1,0
CRAIG,2012,7,132.00,71,W,DUKE,1,0,0
CRAIG,2012,8,81.00,85,L,HAMM,0,1,0
CRAIG,2012,9,112.00,109,W,MEADE,1,0,0
CRAIG,2012,10,106.00,111,L,FIELER,0,1,0
CRAIG,2012,11,98.00,114,L,JETT,0,1,0
CRAIG,2012,12,121.00,116,W,LOTH,1,0,0
CRAIG,2012,13,135.00,75,W,KLENK,1,0,0
CRAIG,2012,14,201.00,237,L,JETT,0,1,0
CRAIG,2012,16,194.00,285,L,FIELER,0,1,0
LOTH,2012,1,96.00,102,L,JETT,0,1,0
LOTH,2012,2,94.00,66,W,HAMM,1,0,0
LOTH,2012,3,81.00,97,L,KLENK,0,1,0
LOTH,2012,4,106.00,92,W,DUKE,1,0,0
LOTH,2012,5,116.00,115,W,CRAIG,1,0,0
LOTH,2012,6,117.00,65,W,MEADE,1,0,0
LOTH,2012,7,92.00,131,L,FIELER,0,1,0
LOTH,2012,8,109.00,120,L,JETT,0,1,0
LOTH,2012,9,77.00,79,L,HAMM,0,1,0
LOTH,2012,10,106.00,101,W,KLENK,1,0,0
LOTH,2012,11,63.00,104,L,DUKE,0,1,0
LOTH,2012,12,116.00,121,L,CRAIG,0,1,0
LOTH,2012,13,67.00,95,L,MEADE,0,1,0
LOTH,2012,14,164.00,272,L,KLENK,0,1,0
LOTH,2012,16,145.00,137,W,DUKE,1,0,0
FIELER,2012,1,115.00,89,W,KLENK,1,0,0
FIELER,2012,2,128.00,117,W,DUKE,1,0,0
FIELER,2012,3,79.00,69,W,CRAIG,1,0,0
FIELER,2012,4,148.00,128,W,MEADE,1,0,0
FIELER,2012,5,176.00,78,W,HAMM,1,0,0
FIELER,2012,6,81.00,106,L,JETT,0,1,0
FIELER,2012,7,131.00,92,W,LOTH,1,0,0
FIELER,2012,8,112.00,83,W,KLENK,1,0,0
FIELER,2012,9,97.00,79,W,DUKE,1,0,0
FIELER,2012,10,111.00,106,W,CRAIG,1,0,0
FIELER,2012,11,76.00,69,W,MEADE,1,0,0
FIELER,2012,12,89.00,152,L,HAMM,0,1,0
FIELER,2012,13,70.00,83,L,JETT,0,1,0
FIELER,2012,14,175.00,195,L,HAMM,0,1,0
FIELER,2012,16,285.00,194,W,CRAIG,1,0,0
DUKE,2012,1,101.00,123,L,MEADE,0,1,0
DUKE,2012,2,117.00,128,L,FIELER,0,1,0
DUKE,2012,3,70.00,105,L,JETT,0,1,0
DUKE,2012,4,92.00,106,L,LOTH,0,1,0
DUKE,2012,5,55.00,78,L,KLENK,0,1,0
DUKE,2012,6,87.00,91,L,HAMM,0,1,0
DUKE,2012,7,71.00,132,L,CRAIG,0,1,0
DUKE,2012,8,115.00,61,W,MEADE,1,0,0
DUKE,2012,9,79.00,97,L,FIELER,0,1,0
DUKE,2012,10,108.00,74,W,JETT,1,0,0
DUKE,2012,11,104.00,63,W,LOTH,1,0,0
DUKE,2012,12,79.00,62,W,KLENK,1,0,0
DUKE,2012,13,96.00,135,L,HAMM,0,1,0
DUKE,2012,14,153.00,209,L,MEADE,0,1,0
DUKE,2012,16,137.00,145,L,LOTH,0,1,0
JETT,2012,1,102.00,96,W,LOTH,1,0,0
JETT,2012,2,116.00,79,W,KLENK,1,0,0
JETT,2012,3,105.00,70,W,DUKE,1,0,0
JETT,2012,4,106.00,125,L,CRAIG,0,1,0
JETT,2012,5,126.00,116,W,MEADE,1,0,0
JETT,2012,6,106.00,81,W,FIELER,1,0,0
JETT,2012,7,115.00,109,W,HAMM,1,0,0
JETT,2012,8,120.00,109,W,LOTH,1,0,0
JETT,2012,9,163.00,118,W,KLENK,1,0,0
JETT,2012,10,74.00,108,L,DUKE,0,1,0
JETT,2012,11,114.00,98,W,CRAIG,1,0,0
JETT,2012,12,122.00,105,W,MEADE,1,0,0
JETT,2012,13,83.00,70,W,FIELER,1,0,0
JETT,2012,14,237.00,201,W,CRAIG,1,0,0
JETT,2012,16,234.00,253,L,HAMM,0,1,0
MEADE,2012,1,123.00,101,W,DUKE,1,0,0
MEADE,2012,2,89.00,156,L,CRAIG,0,1,0
MEADE,2012,3,111.00,119,L,HAMM,0,1,0
MEADE,2012,4,128.00,148,L,FIELER,0,1,0
MEADE,2012,5,116.00,126,L,JETT,0,1,0
MEADE,2012,6,65.00,117,L,LOTH,0,1,0
MEADE,2012,7,60.00,75,L,KLENK,0,1,0
MEADE,2012,8,61.00,115,L,DUKE,0,1,0
MEADE,2012,9,109.00,112,L,CRAIG,0,1,0
MEADE,2012,10,123.00,112,W,HAMM,1,0,0
MEADE,2012,11,69.00,76,L,FIELER,0,1,0
MEADE,2012,12,105.00,122,L,JETT,0,1,0
MEADE,2012,13,95.00,67,W,LOTH,1,0,0
MEADE,2012,14,209.00,153,W,DUKE,1,0,0
MEADE,2012,16,230.00,250,L,KLENK,0,1,0
KLENK,2012,1,89.00,115,L,FIELER,0,1,0
KLENK,2012,2,79.00,116,L,JETT,0,1,0
KLENK,2012,3,97.00,81,W,LOTH,1,0,0
KLENK,2012,4,103.00,124,L,HAMM,0,1,0
KLENK,2012,5,78.00,55,W,DUKE,1,0,0
KLENK,2012,6,149.00,97,W,CRAIG,1,0,0
KLENK,2012,7,75.00,60,W,MEADE,1,0,0
KLENK,2012,8,83.00,112,L,FIELER,0,1,0
KLENK,2012,9,118.00,163,L,JETT,0,1,0
KLENK,2012,10,101.00,106,L,LOTH,0,1,0
KLENK,2012,11,88.00,106,L,HAMM,0,1,0
KLENK,2012,12,62.00,79,L,DUKE,0,1,0
KLENK,2012,13,75.00,135,L,CRAIG,0,1,0
KLENK,2012,14,272.00,164,W,LOTH,1,0,0
KLENK,2012,16,250.00,230,W,MEADE,1,0,0
HAMM,2011,1,98.00,124,L,CRAIG,0,1,0
HAMM,2011,2,123.00,167,L,MEADE,0,1,0
HAMM,2011,3,85.00,94,L,MITCH,0,1,0
HAMM,2011,4,97.00,132,L,KLENK,0,1,0
HAMM,2011,5,130.00,103,W,LOTH,1,0,0
HAMM,2011,6,82.00,86,L,SHOOTER,0,1,0
HAMM,2011,7,142.00,91,W,BONO,1,0,0
HAMM,2011,8,114.00,100,W,CRAIG,1,0,0
HAMM,2011,9,111.00,93,W,MEADE,1,0,0
HAMM,2011,10,119.00,112,W,MITCH,1,0,0
HAMM,2011,11,100.00,77,W,KLENK,1,0,0
HAMM,2011,12,94.00,99,L,LOTH,0,1,0
HAMM,2011,13,112.00,95,W,SHOOTER,1,0,0
HAMM,2011,14,278.00,170,W,LOTH,1,0,0
HAMM,2011,16,173.00,274,L,MITCH,0,1,0
CRAIG,2011,1,124.00,98,W,HAMM,1,0,0
CRAIG,2011,2,101.00,118,L,KLENK,0,1,0
CRAIG,2011,3,66.00,118,L,LOTH,0,1,0
CRAIG,2011,4,125.00,151,L,SHOOTER,0,1,0
CRAIG,2011,5,101.00,133,L,BONO,0,1,0
CRAIG,2011,6,72.00,129,L,MITCH,0,1,0
CRAIG,2011,7,71.00,40,W,MEADE,1,0,0
CRAIG,2011,8,100.00,114,L,HAMM,0,1,0
CRAIG,2011,9,135.00,77,W,KLENK,1,0,0
CRAIG,2011,10,103.00,118,L,LOTH,0,1,0
CRAIG,2011,11,92.00,129,L,SHOOTER,0,1,0
CRAIG,2011,12,99.00,79,W,BONO,1,0,0
CRAIG,2011,13,122.00,160,L,MITCH,0,1,0
CRAIG,2011,14,232.00,194,W,KLENK,1,0,0
CRAIG,2011,16,240.00,217,W,MEADE,1,0,0
LOTH,2011,1,114.00,91,W,KLENK,1,0,0
LOTH,2011,2,181.00,156,W,SHOOTER,1,0,0
LOTH,2011,3,118.00,66,W,CRAIG,1,0,0
LOTH,2011,4,166.00,85,W,BONO,1,0,0
LOTH,2011,5,103.00,130,L,HAMM,0,1,0
LOTH,2011,6,132.00,110,W,MEADE,1,0,0
LOTH,2011,7,135.00,91,W,MITCH,1,0,0
LOTH,2011,8,68.00,111,L,KLENK,0,1,0
LOTH,2011,9,132.00,100,W,SHOOTER,1,0,0
LOTH,2011,10,118.00,103,W,CRAIG,1,0,0
LOTH,2011,11,98.00,115,L,BONO,0,1,0
LOTH,2011,12,99.00,94,W,HAMM,1,0,0
LOTH,2011,13,118.00,80,W,MEADE,1,0,0
LOTH,2011,14,170.00,278,L,HAMM,0,1,0
LOTH,2011,16,265.00,270,L,SHOOTER,0,1,0
MITCH,2011,1,98.00,96,W,SHOOTER,1,0,0
MITCH,2011,2,124.00,111,W,BONO,1,0,0
MITCH,2011,3,94.00,85,W,HAMM,1,0,0
MITCH,2011,4,109.00,87,W,MEADE,1,0,0
MITCH,2011,5,105.00,142,L,KLENK,0,1,0
MITCH,2011,6,129.00,72,W,CRAIG,1,0,0
MITCH,2011,7,91.00,135,L,LOTH,0,1,0
MITCH,2011,8,83.00,114,L,HAMM,0,1,0
MITCH,2011,9,66.00,140,L,BONO,0,1,0
MITCH,2011,10,112.00,119,L,HAMM,0,1,0
MITCH,2011,11,86.00,54,W,MEADE,1,0,0
MITCH,2011,12,137.00,98,W,KLENK,1,0,0
MITCH,2011,13,160.00,122,W,CRAIG,1,0,0
MITCH,2011,14,256.00,236,W,SHOOTER,1,0,0
MITCH,2011,16,274.00,173,W,HAMM,1,0,0
SHOOTER,2011,1,96.00,98,L,MITCH,0,1,0
SHOOTER,2011,2,156.00,181,L,LOTH,0,1,0
SHOOTER,2011,3,98.00,92,W,BONO,1,0,0
SHOOTER,2011,4,151.00,125,W,CRAIG,1,0,0
SHOOTER,2011,5,111.00,91,W,MEADE,1,0,0
SHOOTER,2011,6,86.00,82,W,HAMM,1,0,0
SHOOTER,2011,7,104.00,75,W,KLENK,1,0,0
SHOOTER,2011,8,141.00,83,W,MITCH,1,0,0
SHOOTER,2011,9,100.00,132,L,LOTH,0,1,0
SHOOTER,2011,10,78.00,84,L,BONO,0,1,0
SHOOTER,2011,11,129.00,92,W,CRAIG,1,0,0
SHOOTER,2011,12,81.00,140,L,MEADE,0,1,0
SHOOTER,2011,13,95.00,112,L,HAMM,0,1,0
SHOOTER,2011,14,236.00,256,L,MITCH,0,1,0
SHOOTER,2011,16,270.00,265,W,LOTH,1,0,0
BONO,2011,1,112.00,171,L,MEADE,0,1,0
BONO,2011,2,111.00,124,L,MITCH,0,1,0
BONO,2011,3,92.00,98,L,SHOOTER,0,1,0
BONO,2011,4,85.00,166,L,LOTH,0,1,0
BONO,2011,5,133.00,101,W,CRAIG,1,0,0
BONO,2011,6,59.00,80,L,KLENK,0,1,0
BONO,2011,7,91.00,142,L,HAMM,0,1,0
BONO,2011,8,98.00,101,L,MEADE,0,1,0
BONO,2011,9,140.00,66,W,MITCH,1,0,0
BONO,2011,10,84.00,78,W,SHOOTER,1,0,0
BONO,2011,11,115.00,98,W,LOTH,1,0,0
BONO,2011,12,79.00,99,L,CRAIG,0,1,0
BONO,2011,13,119.00,60,W,KLENK,1,0,0
BONO,2011,14,176.00,271,L,MEADE,0,1,0
BONO,2011,16,156.00,218,L,KLENK,0,1,0
MEADE,2011,1,171.00,112,W,BONO,1,0,0
MEADE,2011,2,167.00,123,W,HAMM,1,0,0
MEADE,2011,3,144.00,72,W,KLENK,1,0,0
MEADE,2011,4,87.00,109,L,MITCH,0,1,0
MEADE,2011,5,91.00,111,L,SHOOTER,0,1,0
MEADE,2011,6,110.00,132,L,LOTH,0,1,0
MEADE,2011,7,40.00,71,L,CRAIG,0,1,0
MEADE,2011,8,101.00,98,W,BONO,1,0,0
MEADE,2011,9,93.00,111,L,HAMM,0,1,0
MEADE,2011,10,104.00,77,W,KLENK,1,0,0
MEADE,2011,11,54.00,86,L,MITCH,0,1,0
MEADE,2011,12,140.00,81,W,SHOOTER,1,0,0
MEADE,2011,13,80.00,118,L,LOTH,0,1,0
MEADE,2011,14,271.00,176,W,BONO,1,0,0
MEADE,2011,16,217.00,240,L,CRAIG,0,1,0
KLENK,2011,1,91.00,114,L,LOTH,0,1,0
KLENK,2011,2,118.00,101,W,CRAIG,1,0,0
KLENK,2011,3,72.00,144,L,MEADE,0,1,0
KLENK,2011,4,132.00,97,W,HAMM,1,0,0
KLENK,2011,5,142.00,105,W,MITCH,1,0,0
KLENK,2011,6,80.00,59,W,BONO,1,0,0
KLENK,2011,7,75.00,104,L,SHOOTER,0,1,0
KLENK,2011,8,111.00,68,W,LOTH,1,0,0
KLENK,2011,9,77.00,135,L,CRAIG,0,1,0
KLENK,2011,10,77.00,104,L,MEADE,0,1,0
KLENK,2011,11,77.00,100,L,HAMM,0,1,0
KLENK,2011,12,98.00,137,L,MITCH,0,1,0
KLENK,2011,13,60.00,119,L,BONO,0,1,0
KLENK,2011,14,194.00,232,L,CRAIG,0,1,0
KLENK,2011,16,218.00,156,W,BONO,1,0,0
HAMM,2010,1,63.00,48,W,CRAIG,1,0,0
HAMM,2010,2,66.00,86,L,MEADE,0,1,0
HAMM,2010,3,89.00,127,L,PETERS,0,1,0
HAMM,2010,4,105.00,50,W,TIERNAN,1,0,0
HAMM,2010,5,85.00,95,L,LOTH,0,1,0
HAMM,2010,6,97.00,75,W,MITCH,1,0,0
HAMM,2010,7,122.00,70,W,SPURLOCK,1,0,0
HAMM,2010,8,84.00,74,W,KERN,1,0,0
HAMM,2010,9,102.00,48,W,KLENK,1,0,0
HAMM,2010,10,106.00,51,W,DUKE,1,0,0
HAMM,2010,11,137.00,68,W,TEPE,1,0,0
HAMM,2010,12,105.00,47,W,PETERS,1,0,0
HAMM,2010,13,83.00,40,W,TIERNAN,1,0,0
HAMM,2010,14,84.00,95,L,CRAIG,0,1,0
HAMM,2010,16,93.00,76,W,MITCH,1,0,0
HAMM,2010,17,73.00,93,L,CRAIG,0,1,0
CRAIG,2010,1,48.00,63,L,HAMM,0,1,0
CRAIG,2010,2,116.00,90,W,PETERS,1,0,0
CRAIG,2010,3,115.00,119,L,LOTH,0,1,0
CRAIG,2010,4,62.00,87,L,DUKE,0,1,0
CRAIG,2010,5,82.00,56,W,KLENK,1,0,0
CRAIG,2010,6,95.00,76,W,SPURLOCK,1,0,0
CRAIG,2010,7,114.00,66,W,KERN,1,0,0
CRAIG,2010,8,103.00,35,W,TEPE,1,0,0
CRAIG,2010,9,95.00,53,W,MITCH,1,0,0
CRAIG,2010,10,158.00,79,W,TIERNAN,1,0,0
CRAIG,2010,11,74.00,129,L,MEADE,0,1,0
CRAIG,2010,12,119.00,93,W,LOTH,1,0,0
CRAIG,2010,13,105.00,119,L,MEADE,0,1,0
CRAIG,2010,14,95.00,84,W,HAMM,1,0,0
CRAIG,2010,15,154.00,76,W,LOTH,1,0,0
CRAIG,2010,16,104.00,90,W,MEADE,1,0,0
CRAIG,2010,17,93.00,73,W,HAMM,1,0,0
LOTH,2010,1,81.00,87,L,KLENK,0,1,0
LOTH,2010,2,60.00,95,L,KERN,0,1,0
LOTH,2010,3,119.00,115,W,CRAIG,1,0,0
LOTH,2010,4,63.00,69,L,SPURLOCK,0,1,0
LOTH,2010,5,95.00,85,W,HAMM,1,0,0
LOTH,2010,6,103.00,79,W,MEADE,1,0,0
LOTH,2010,7,86.00,43,W,TIERNAN,1,0,0
LOTH,2010,8,62.00,71,L,MITCH,0,1,0
LOTH,2010,9,126.00,55,W,DUKE,1,0,0
LOTH,2010,10,99.00,87,W,TEPE,1,0,0
LOTH,2010,11,138.00,76,W,PETERS,1,0,0
LOTH,2010,12,93.00,119,L,CRAIG,0,1,0
LOTH,2010,13,83.00,67,W,PETERS,1,0,0
LOTH,2010,14,115.00,83,W,KLENK,1,0,0
LOTH,2010,15,76.00,154,L,CRAIG,0,1,0
LOTH,2010,16,96.00,88,W,KERN,1,0,0
LOTH,2010,17,105.00,83,W,KERN,1,0,0
MEADE,2010,1,69.00,68,W,TIERNAN,1,0,0
MEADE,2010,2,86.00,66,W,HAMM,1,0,0
MEADE,2010,3,65.00,110,L,KERN,0,1,0
MEADE,2010,4,55.00,81,L,MITCH,0,1,0
MEADE,2010,5,107.00,91,W,TEPE,1,0,0
MEADE,2010,6,79.00,103,L,LOTH,0,1,0
MEADE,2010,7,118.00,12,W,DUKE,1,0,0
MEADE,2010,8,96.00,38,W,KLENK,1,0,0
MEADE,2010,9,69.00,58,W,SPURLOCK,1,0,0
MEADE,2010,10,79.00,49,W,PETERS,1,0,0
MEADE,2010,11,129.00,74,W,CRAIG,1,0,0
MEADE,2010,12,99.00,97,W,KERN,1,0,0
MEADE,2010,13,119.00,105,W,CRAIG,1,0,0
MEADE,2010,14,98.00,66,W,KERN,1,0,0
MEADE,2010,16,90.00,104,L,CRAIG,0,1,0
MEADE,2010,17,91.00,52,W,MITCH,1,0,0
PETERS,2010,1,68.00,54,W,DUKE,1,0,0
PETERS,2010,2,90.00,57,W,SPURLOCK,1,0,0
PETERS,2010,3,127.00,57,W,TEPE,1,0,0
PETERS,2010,4,81.00,55,W,MEADE,1,0,0
PETERS,2010,5,86.00,65,W,TIERNAN,1,0,0
PETERS,2010,6,75.00,97,L,HAMM,0,1,0
PETERS,2010,7,128.00,128,D,PETERS,0,0,1
PETERS,2010,8,71.00,62,W,LOTH,1,0,0
PETERS,2010,9,53.00,95,L,CRAIG,0,1,0
PETERS,2010,10,49.00,51,L,KERN,0,1,0
PETERS,2010,11,76.00,81,L,KLENK,0,1,0
PETERS,2010,12,47.00,56,L,DUKE,0,1,0
PETERS,2010,13,67.00,51,W,TEPE,1,0,0
PETERS,2010,14,97.00,60,W,SPURLOCK,1,0,0
PETERS,2010,15,107.00,86,W,KERN,1,0,0
PETERS,2010,16,76.00,93,L,HAMM,0,1,0
PETERS,2010,17,52.00,91,L,MEADE,0,1,0
TIERNAN,2010,1,68.00,69,L,MEADE,0,1,0
TIERNAN,2010,2,71.00,81,L,KLENK,0,1,0
TIERNAN,2010,3,63.00,105,L,SPURLOCK,0,1,0
TIERNAN,2010,4,50.00,105,L,HAMM,0,1,0
TIERNAN,2010,5,65.00,86,L,MITCH,0,1,0
TIERNAN,2010,6,68.00,45,W,TEPE,1,0,0
TIERNAN,2010,7,43.00,86,L,LOTH,0,1,0
TIERNAN,2010,8,15.00,66,L,DUKE,0,1,0
TIERNAN,2010,9,66.00,53,W,PETERS,1,0,0
TIERNAN,2010,10,79.00,158,L,CRAIG,0,1,0
TIERNAN,2010,11,56.00,79,L,KERN,0,1,0
TIERNAN,2010,12,81.00,85,L,KLENK,0,1,0
TIERNAN,2010,13,40.00,83,L,HAMM,0,1,0
TIERNAN,2010,14,42.00,97,L,PETERS,0,1,0
TIERNAN,2010,15,81.00,58,W,SPURLOCK,1,0,0
TIERNAN,2010,16,70.00,76,L,PETERS,0,1,0
TIERNAN,2010,17,52.00,47,W,TEPE,1,0,0
MITCH,2010,1,68.00,54,W,DUKE,1,0,0
MITCH,2010,2,90.00,57,W,SPURLOCK,1,0,0
MITCH,2010,3,127.00,57,W,TEPE,1,0,0
MITCH,2010,4,81.00,55,W,MEADE,1,0,0
MITCH,2010,5,86.00,65,W,TIERNAN,1,0,0
MITCH,2010,6,75.00,97,L,HAMM,0,1,0
MITCH,2010,7,128.00,128,D,PETERS,0,0,1
MITCH,2010,8,71.00,62,W,LOTH,1,0,0
MITCH,2010,9,53.00,95,L,CRAIG,0,1,0
MITCH,2010,10,49.00,51,L,KERN,0,1,0
MITCH,2010,11,76.00,81,L,KLENK,0,1,0
MITCH,2010,12,47.00,56,L,DUKE,0,1,0
MITCH,2010,13,67.00,51,W,TEPE,1,0,0
MITCH,2010,14,97.00,60,W,SPURLOCK,1,0,0
MITCH,2010,15,107.00,86,W,KERN,1,0,0
MITCH,2010,16,76.00,93,L,HAMM,0,1,0
MITCH,2010,17,52.00,91,L,MEADE,0,1,0
SPURLOCK,2010,1,77.00,116,L,TEPE,0,1,0
SPURLOCK,2010,2,57.00,90,L,MITCH,0,1,0
SPURLOCK,2010,3,105.00,63,W,TIERNAN,1,0,0
SPURLOCK,2010,4,69.00,63,W,LOTH,1,0,0
SPURLOCK,2010,5,49.00,88,L,KERN,0,1,0
SPURLOCK,2010,6,76.00,95,L,CRAIG,0,1,0
SPURLOCK,2010,7,70.00,122,L,HAMM,0,1,0
SPURLOCK,2010,8,27.00,71,L,PETERS,0,1,0
SPURLOCK,2010,9,58.00,69,L,MEADE,0,1,0
SPURLOCK,2010,10,29.00,62,L,KLENK,0,1,0
SPURLOCK,2010,11,92.00,92,D,DUKE,0,0,1
SPURLOCK,2010,12,102.00,69,W,TEPE,1,0,0
SPURLOCK,2010,13,102.00,102,D,DUKE,0,0,1
SPURLOCK,2010,14,60.00,97,L,MITCH,0,1,0
SPURLOCK,2010,15,58.00,81,L,TIERNAN,0,1,0
SPURLOCK,2010,16,119.00,42,W,TEPE,1,0,0
SPURLOCK,2010,17,78.00,73,W,DUKE,1,0,0
KERN,2010,1,92.00,68,W,PETERS,1,0,0
KERN,2010,2,95.00,60,W,LOTH,1,0,0
KERN,2010,3,110.00,65,W,MEADE,1,0,0
KERN,2010,4,83.00,81,W,KLENK,1,0,0
KERN,2010,5,88.00,49,W,SPURLOCK,1,0,0
KERN,2010,6,71.00,92,L,DUKE,0,1,0
KERN,2010,7,66.00,114,L,CRAIG,0,1,0
KERN,2010,8,74.00,84,L,HAMM,0,1,0
KERN,2010,9,55.00,90,L,TEPE,0,1,0
KERN,2010,10,51.00,49,W,MITCH,1,0,0
KERN,2010,11,79.00,56,W,TIERNAN,1,0,0
KERN,2010,12,97.00,99,L,MEADE,0,1,0
KERN,2010,13,66.00,59,W,KLENK,1,0,0
KERN,2010,14,66.00,98,L,MEADE,0,1,0
KERN,2010,15,86.00,107,L,MITCH,0,1,0
KERN,2010,16,88.00,96,L,LOTH,0,1,0
KERN,2010,17,83.00,105,L,LOTH,0,1,0
DUKE,2010,1,54.00,68,L,MITCH,0,1,0
DUKE,2010,2,87.00,117,L,TEPE,0,1,0
DUKE,2010,3,55.00,85,L,KLENK,0,1,0
DUKE,2010,4,87.00,62,W,CRAIG,1,0,0
DUKE,2010,5,73.00,86,L,PETERS,0,1,0
DUKE,2010,6,92.00,71,W,KERN,1,0,0
DUKE,2010,7,12.00,118,L,MEADE,0,1,0
DUKE,2010,8,66.00,15,W,TIERNAN,1,0,0
DUKE,2010,9,55.00,126,L,LOTH,0,1,0
DUKE,2010,10,51.00,106,L,HAMM,0,1,0
DUKE,2010,11,92.00,92,D,SPURLOCK,0,0,1
DUKE,2010,12,56.00,47,W,MITCH,1,0,0
DUKE,2010,13,102.00,102,D,SPURLOCK,0,0,1
DUKE,2010,14,72.00,94,L,TEPE,0,1,0
DUKE,2010,15,89.00,65,W,TEPE,1,0,0
DUKE,2010,16,64.00,74,L,KLENK,0,1,0
DUKE,2010,17,73.00,78,L,SPURLOCK,0,1,0
KLENK,2010,1,87.00,81,W,LOTH,1,0,0
KLENK,2010,2,81.00,71,W,TIERNAN,1,0,0
KLENK,2010,3,85.00,55,W,DUKE,1,0,0
KLENK,2010,4,81.00,83,L,KERN,0,1,0
KLENK,2010,5,56.00,82,L,CRAIG,0,1,0
KLENK,2010,6,102.00,75,W,PETERS,1,0,0
KLENK,2010,7,43.00,87,L,TEPE,0,1,0
KLENK,2010,8,38.00,96,L,MEADE,0,1,0
KLENK,2010,9,48.00,102,L,HAMM,0,1,0
KLENK,2010,10,62.00,29,W,SPURLOCK,1,0,0
KLENK,2010,11,81.00,76,W,MITCH,1,0,0
KLENK,2010,12,85.00,81,W,TIERNAN,1,0,0
KLENK,2010,13,59.00,66,L,KERN,0,1,0
KLENK,2010,14,83.00,115,L,LOTH,0,1,0
KLENK,2010,15,90.00,107,L,PETERS,0,1,0
KLENK,2010,16,74.00,64,W,DUKE,1,0,0
KLENK,2010,17,45.00,52,L,PETERS,0,1,0
TEPE,2010,1,116.00,77,W,SPURLOCK,1,0,0
TEPE,2010,2,117.00,87,W,DUKE,1,0,0
TEPE,2010,3,57.00,127,L,MITCH,0,1,0
TEPE,2010,4,47.00,81,L,PETERS,0,1,0
TEPE,2010,5,91.00,107,L,MEADE,0,1,0
TEPE,2010,6,45.00,68,L,TIERNAN,0,1,0
TEPE,2010,7,87.00,43,W,KLENK,1,0,0
TEPE,2010,8,35.00,103,L,CRAIG,0,1,0
TEPE,2010,9,90.00,55,W,KERN,1,0,0
TEPE,2010,10,87.00,99,L,LOTH,0,1,0
TEPE,2010,11,68.00,137,L,HAMM,0,1,0
TEPE,2010,12,69.00,102,L,SPURLOCK,0,1,0
TEPE,2010,13,51.00,67,L,MITCH,0,1,0
TEPE,2010,14,94.00,72,W,DUKE,1,0,0
TEPE,2010,15,65.00,89,L,DUKE,0,1,0
TEPE,2010,16,42.00,119,L,SPURLOCK,0,1,0
TEPE,2010,17,47.00,52,L,TIERNAN,0,1,0
HAMM,2009,1,76.00,103,L,CRAIG,0,1,0
HAMM,2009,2,101.00,115,L,TEPE,0,1,0
HAMM,2009,3,110.00,74,W,PETERS,1,0,0
HAMM,2009,4,111.00,90,W,DUKE,1,0,0
HAMM,2009,5,105.00,73,W,LOTH,1,0,0
HAMM,2009,6,106.00,112,L,HOFFY,0,1,0
HAMM,2009,7,84.00,140,L,MEADE,0,1,0
HAMM,2009,8,95.00,87,W,KERN,1,0,0
HAMM,2009,9,83.00,72,W,KLENK,1,0,0
HAMM,2009,10,97.00,76,W,CRAIG,1,0,0
HAMM,2009,11,86.00,111,L,TEPE,0,1,0
HAMM,2009,12,82.00,81,W,PETERS,1,0,0
HAMM,2009,13,118.00,50,W,DUKE,1,0,0
HAMM,2009,14,219.00,189,W,MEADE,1,0,0
HAMM,2009,16,171.00,184,L,KERN,0,1,0
CRAIG,2009,1,103.00,76,W,HAMM,1,0,0
CRAIG,2009,2,100.00,109,L,PETERS,0,1,0
CRAIG,2009,3,56.00,61,L,LOTH,0,1,0
CRAIG,2009,4,91.00,65,W,MEADE,1,0,0
CRAIG,2009,5,109.00,43,W,KLENK,1,0,0
CRAIG,2009,6,85.00,140,L,TEPE,0,1,0
CRAIG,2009,7,84.00,87,L,DUKE,0,1,0
CRAIG,2009,8,72.00,72,D,HOFFY,0,0,1
CRAIG,2009,9,71.00,83,L,KERN,0,1,0
CRAIG,2009,10,76.00,97,L,HAMM,0,1,0
CRAIG,2009,11,89.00,91,L,PETERS,0,1,0
CRAIG,2009,12,90.00,80,W,LOTH,1,0,0
CRAIG,2009,13,73.00,104,L,MEADE,0,1,0
CRAIG,2009,14,146.00,181,L,DUKE,0,1,0
CRAIG,2009,16,207.00,146,W,PETERS,1,0,0
LOTH,2009,1,80.00,88,L,HOFFY,0,1,0
LOTH,2009,2,85.00,89,L,KERN,0,1,0
LOTH,2009,3,61.00,56,W,CRAIG,1,0,0
LOTH,2009,4,52.00,62,L,PETERS,0,1,0
LOTH,2009,5,73.00,105,L,HAMM,0,1,0
LOTH,2009,6,81.00,113,L,MEADE,0,1,0
LOTH,2009,7,90.00,115,L,KLENK,0,1,0
LOTH,2009,8,68.00,57,W,TEPE,1,0,0
LOTH,2009,9,126.00,68,W,DUKE,1,0,0
LOTH,2009,10,67.00,76,L,HOFFY,0,1,0
LOTH,2009,11,100.00,87,W,KERN,1,0,0
LOTH,2009,12,80.00,90,L,CRAIG,0,1,0
LOTH,2009,13,77.00,58,W,PETERS,1,0,0
LOTH,2009,14,176.00,143,W,PETERS,1,0,0
LOTH,2009,16,152.00,187,L,TEPE,0,1,0
TEPE,2009,1,53.00,72,L,KLENK,0,1,0
TEPE,2009,2,115.00,101,W,HAMM,1,0,0
TEPE,2009,3,75.00,125,L,DUKE,0,1,0
TEPE,2009,4,44.00,46,L,HOFFY,0,1,0
TEPE,2009,5,53.00,66,L,KERN,0,1,0
TEPE,2009,6,140.00,85,W,CRAIG,1,0,0
TEPE,2009,7,63.00,54,W,PETERS,1,0,0
TEPE,2009,8,57.00,68,L,LOTH,0,1,0
TEPE,2009,9,76.00,97,L,MEADE,0,1,0
TEPE,2009,10,82.00,79,W,KLENK,1,0,0
TEPE,2009,11,111.00,86,W,HAMM,1,0,0
TEPE,2009,12,70.00,73,L,DUKE,0,1,0
TEPE,2009,13,80.00,74,W,HOFFY,1,0,0
TEPE,2009,14,168.00,162,W,HOFFY,1,0,0
TEPE,2009,16,187.00,152,W,LOTH,1,0,0
PETERS,2009,1,80.00,123,L,KERN,0,1,0
PETERS,2009,2,109.00,100,W,CRAIG,1,0,0
PETERS,2009,3,74.00,110,L,HAMM,0,1,0
PETERS,2009,4,62.00,52,W,LOTH,1,0,0
PETERS,2009,5,101.00,76,W,MEADE,1,0,0
PETERS,2009,6,47.00,99,L,KLENK,0,1,0
PETERS,2009,7,54.00,63,L,TEPE,0,1,0
PETERS,2009,8,72.00,71,W,DUKE,1,0,0
PETERS,2009,9,78.00,85,L,HOFFY,0,1,0
PETERS,2009,10,60.00,39,W,KERN,1,0,0
PETERS,2009,11,91.00,89,W,CRAIG,1,0,0
PETERS,2009,12,81.00,82,L,HAMM,0,1,0
PETERS,2009,13,58.00,77,L,LOTH,0,1,0
PETERS,2009,14,143.00,176,L,LOTH,0,1,0
PETERS,2009,16,146.00,207,L,CRAIG,0,1,0
DUKE,2009,1,73.00,88,L,MEADE,0,1,0
DUKE,2009,2,71.00,78,L,KLENK,0,1,0
DUKE,2009,3,125.00,75,W,TEPE,1,0,0
DUKE,2009,4,90.00,111,L,HAMM,0,1,0
DUKE,2009,5,69.00,77,L,HOFFY,0,1,0
DUKE,2009,6,23.00,83,L,KERN,0,1,0
DUKE,2009,7,87.00,84,W,CRAIG,1,0,0
DUKE,2009,8,71.00,72,L,PETERS,0,1,0
DUKE,2009,9,68.00,126,L,LOTH,0,1,0
DUKE,2009,10,102.00,76,W,MEADE,1,0,0
DUKE,2009,11,72.00,75,L,KLENK,0,1,0
DUKE,2009,12,73.00,70,W,TEPE,1,0,0
DUKE,2009,13,50.00,118,L,HAMM,0,1,0
DUKE,2009,14,181.00,146,W,CRAIG,1,0,0
DUKE,2009,16,112.00,170,L,HOFFY,0,1,0
MEADE,2009,1,88.00,73,W,DUKE,1,0,0
MEADE,2009,2,82.00,65,W,HOFFY,1,0,0
MEADE,2009,3,50.00,70,L,KERN,0,1,0
MEADE,2009,4,65.00,91,L,CRAIG,0,1,0
MEADE,2009,5,76.00,101,L,PETERS,0,1,0
MEADE,2009,6,113.00,81,W,LOTH,1,0,0
MEADE,2009,7,140.00,84,W,HAMM,1,0,0
MEADE,2009,8,50.00,76,L,KLENK,0,1,0
MEADE,2009,9,97.00,76,W,TEPE,1,0,0
MEADE,2009,10,76.00,102,L,DUKE,0,1,0
MEADE,2009,11,85.00,73,W,HOFFY,1,0,0
MEADE,2009,12,107.00,88,W,KERN,1,0,0
MEADE,2009,13,104.00,73,W,CRAIG,1,0,0
MEADE,2009,14,189.00,219,L,HAMM,0,1,0
MEADE,2009,16,99.00,163,L,KLENK,0,1,0
KLENK,2009,1,72.00,53,W,TEPE,1,0,0
KLENK,2009,2,78.00,71,W,DUKE,1,0,0
KLENK,2009,3,97.00,91,W,HOFFY,1,0,0
KLENK,2009,4,76.00,62,W,KERN,1,0,0
KLENK,2009,5,43.00,109,L,CRAIG,0,1,0
KLENK,2009,6,99.00,47,W,PETERS,1,0,0
KLENK,2009,7,115.00,90,W,LOTH,1,0,0
KLENK,2009,8,76.00,50,W,MEADE,1,0,0
KLENK,2009,9,72.00,83,L,HAMM,0,1,0
KLENK,2009,10,79.00,82,L,TEPE,0,1,0
KLENK,2009,11,75.00,72,W,DUKE,1,0,0
KLENK,2009,12,102.00,78,W,HOFFY,1,0,0
KLENK,2009,13,74.00,90,L,KERN,0,1,0
KLENK,2009,14,145.00,202,L,KERN,0,1,0
KLENK,2009,16,163.00,99,W,MEADE,1,0,0
HOFFY,2009,1,88.00,80,W,LOTH,1,0,0
HOFFY,2009,2,65.00,82,L,MEADE,0,1,0
HOFFY,2009,3,91.00,97,L,KLENK,0,1,0
HOFFY,2009,4,46.00,44,W,TEPE,1,0,0
HOFFY,2009,5,77.00,69,W,DUKE,1,0,0
HOFFY,2009,6,112.00,106,W,HAMM,1,0,0
HOFFY,2009,7,79.00,111,L,KERN,0,1,0
HOFFY,2009,8,72.00,72,D,CRAIG,0,0,1
HOFFY,2009,9,85.00,78,W,PETERS,1,0,0
HOFFY,2009,10,76.00,67,W,LOTH,1,0,0
HOFFY,2009,11,73.00,85,L,MEADE,0,1,0
HOFFY,2009,12,78.00,102,L,KLENK,0,1,0
HOFFY,2009,13,74.00,80,L,TEPE,0,1,0
HOFFY,2009,14,162.00,168,L,TEPE,0,1,0
HOFFY,2009,16,170.00,112,W,DUKE,1,0,0
KERN,2009,1,123.00,80,W,PETERS,1,0,0
KERN,2009,2,89.00,85,W,LOTH,1,0,0
KERN,2009,3,70.00,50,W,MEADE,1,0,0
KERN,2009,4,62.00,76,L,KLENK,0,1,0
KERN,2009,5,66.00,53,W,TEPE,1,0,0
KERN,2009,6,83.00,23,W,DUKE,1,0,0
KERN,2009,7,111.00,79,W,HOFFY,1,0,0
KERN,2009,8,87.00,95,L,HAMM,0,1,0
KERN,2009,9,83.00,71,W,CRAIG,1,0,0
KERN,2009,10,39.00,60,L,PETERS,0,1,0
KERN,2009,11,87.00,100,L,LOTH,0,1,0
KERN,2009,12,88.00,107,L,MEADE,0,1,0
KERN,2009,13,90.00,74,W,KLENK,1,0,0
KERN,2009,14,202.00,145,W,KLENK,1,0,0
KERN,2009,16,184.00,171,W,HAMM,1,0,0
